{
    "adjudicationStartTime": "2021-05-10T16:12:05+01:00",
    "data": {
        "channels": {
            "channels": [
                {
                    "name": "VHF C16",
                    "participants": [
                        {
                            "force": "White",
                            "forceUniqid": "umpire",
                            "roles": [],
                            "subscriptionId": "8qsze9",
                            "templates": []
                        },
                        {
                            "force": "CTF A",
                            "forceUniqid": "Blue-2",
                            "roles": [],
                            "subscriptionId": "fzcha",
                            "templates": []
                        },
                        {
                            "force": "CTF B",
                            "forceUniqid": "Blue-1",
                            "roles": [],
                            "subscriptionId": "hzrzp",
                            "templates": []
                        },
                        {
                            "force": "CTF X",
                            "forceUniqid": "Red-2",
                            "roles": [],
                            "subscriptionId": "0xirf",
                            "templates": []
                        },
                        {
                            "force": "CTF Y",
                            "forceUniqid": "Red-1",
                            "roles": [],
                            "subscriptionId": "icrx",
                            "templates": []
                        }
                    ],
                    "uniqid": "channel-koirdijk"
                },
                {
                    "name": "Strategic Comms",
                    "participants": [
                        {
                            "force": "White",
                            "forceUniqid": "umpire",
                            "roles": [],
                            "subscriptionId": "hyiju",
                            "templates": []
                        },
                        {
                            "force": "CTF A",
                            "forceUniqid": "Blue-2",
                            "roles": [],
                            "subscriptionId": "88la",
                            "templates": []
                        },
                        {
                            "force": "CTF B",
                            "forceUniqid": "Blue-1",
                            "roles": [],
                            "subscriptionId": "jmpk",
                            "templates": []
                        },
                        {
                            "force": "CTF X",
                            "forceUniqid": "Red-2",
                            "roles": [],
                            "subscriptionId": "mgp9s",
                            "templates": []
                        },
                        {
                            "force": "CTF Y",
                            "forceUniqid": "Red-1",
                            "roles": [],
                            "subscriptionId": "kjoa",
                            "templates": []
                        }
                    ],
                    "uniqid": "channel-koire5o6"
                },
                {
                    "name": "Blue",
                    "participants": [
                        {
                            "force": "CTF A",
                            "forceUniqid": "Blue-2",
                            "roles": [],
                            "subscriptionId": "h034d",
                            "templates": []
                        },
                        {
                            "force": "CTF B",
                            "forceUniqid": "Blue-1",
                            "roles": [],
                            "subscriptionId": "fpf5h",
                            "templates": []
                        },
                        {
                            "force": "White",
                            "forceUniqid": "umpire",
                            "roles": [
                                {
                                    "canSubmitPlans": true,
                                    "isGameControl": true,
                                    "isInsightViewer": true,
                                    "isObserver": true,
                                    "name": "Game Control"
                                },
                                {
                                    "canSubmitPlans": false,
                                    "isGameControl": false,
                                    "isInsightViewer": true,
                                    "isObserver": false,
                                    "isRFIManager": true,
                                    "name": "RFI Mgr"
                                },
                                {
                                    "canSubmitPlans": false,
                                    "isGameControl": false,
                                    "isInsightViewer": false,
                                    "isObserver": false,
                                    "isRFIManager": false,
                                    "name": "Blue HHQ"
                                }
                            ],
                            "subscriptionId": "hhbx3",
                            "templates": []
                        }
                    ],
                    "uniqid": "channel-koireqsn"
                },
                {
                    "name": "Blue HHQ",
                    "participants": [
                        {
                            "force": "CTF A",
                            "forceUniqid": "Blue-2",
                            "roles": [
                                {
                                    "canSubmitPlans": true,
                                    "isGameControl": false,
                                    "isInsightViewer": false,
                                    "isObserver": false,
                                    "name": "CO"
                                }
                            ],
                            "subscriptionId": "g485",
                            "templates": []
                        },
                        {
                            "force": "CTF B",
                            "forceUniqid": "Blue-1",
                            "roles": [
                                {
                                    "canSubmitPlans": true,
                                    "isGameControl": false,
                                    "isInsightViewer": false,
                                    "isObserver": false,
                                    "name": "CO"
                                }
                            ],
                            "subscriptionId": "hukqr",
                            "templates": []
                        },
                        {
                            "force": "White",
                            "forceUniqid": "umpire",
                            "roles": [
                                {
                                    "canSubmitPlans": false,
                                    "isGameControl": false,
                                    "isInsightViewer": false,
                                    "isObserver": false,
                                    "isRFIManager": false,
                                    "name": "Blue HHQ"
                                }
                            ],
                            "subscriptionId": "r4yp",
                            "templates": []
                        }
                    ],
                    "uniqid": "channel-koirf734"
                },
                {
                    "name": "Red",
                    "participants": [
                        {
                            "force": "CTF X",
                            "forceUniqid": "Red-2",
                            "roles": [],
                            "subscriptionId": "bd4l",
                            "templates": []
                        },
                        {
                            "force": "CTF Y",
                            "forceUniqid": "Red-1",
                            "roles": [],
                            "subscriptionId": "7bayi",
                            "templates": []
                        },
                        {
                            "force": "White",
                            "forceUniqid": "umpire",
                            "roles": [
                                {
                                    "canSubmitPlans": true,
                                    "isGameControl": true,
                                    "isInsightViewer": true,
                                    "isObserver": true,
                                    "name": "Game Control"
                                },
                                {
                                    "canSubmitPlans": false,
                                    "isGameControl": false,
                                    "isInsightViewer": true,
                                    "isObserver": false,
                                    "isRFIManager": true,
                                    "name": "RFI Mgr"
                                },
                                {
                                    "canSubmitPlans": false,
                                    "isGameControl": false,
                                    "isInsightViewer": false,
                                    "isObserver": false,
                                    "isRFIManager": false,
                                    "name": "Red HHQ"
                                }
                            ],
                            "subscriptionId": "h2my2k",
                            "templates": []
                        }
                    ],
                    "uniqid": "channel-koirfxsx"
                },
                {
                    "name": "Red HHQ",
                    "participants": [
                        {
                            "force": "CTF X",
                            "forceUniqid": "Red-2",
                            "roles": [
                                {
                                    "canSubmitPlans": true,
                                    "isGameControl": false,
                                    "isInsightViewer": false,
                                    "isObserver": false,
                                    "name": "CO"
                                }
                            ],
                            "subscriptionId": "k1fi",
                            "templates": []
                        },
                        {
                            "force": "CTF Y",
                            "forceUniqid": "Red-1",
                            "roles": [
                                {
                                    "canSubmitPlans": true,
                                    "isGameControl": false,
                                    "isInsightViewer": false,
                                    "isObserver": false,
                                    "name": "CO"
                                }
                            ],
                            "subscriptionId": "bxkfi",
                            "templates": []
                        },
                        {
                            "force": "White",
                            "forceUniqid": "umpire",
                            "roles": [
                                {
                                    "canSubmitPlans": false,
                                    "isGameControl": false,
                                    "isInsightViewer": false,
                                    "isObserver": false,
                                    "isRFIManager": false,
                                    "name": "Red HHQ"
                                }
                            ],
                            "subscriptionId": "2n7ea",
                            "templates": []
                        }
                    ],
                    "uniqid": "channel-koirg7s3"
                },
                {
                    "name": "Blue RFI",
                    "participants": [
                        {
                            "force": "CTF A",
                            "forceUniqid": "Blue-2",
                            "roles": [],
                            "subscriptionId": "m7rk9i",
                            "templates": [
                                {
                                    "_id": "k16eedkj",
                                    "_rev": "1-683379b9418a2ba688eb4a8dfec4de11",
                                    "completed": false,
                                    "details": {
                                        "format": "grid",
                                        "properties": {
                                            "Reference": {
                                                "propertyOrder": 10,
                                                "readonly": true,
                                                "type": "string"
                                            },
                                            "Request": {
                                                "format": "textarea",
                                                "type": "string"
                                            },
                                            "Title": {
                                                "maxLength": 30,
                                                "propertyOrder": 100,
                                                "type": "string"
                                            }
                                        },
                                        "title": "RFI",
                                        "type": "object"
                                    },
                                    "lastUpdated": "2019-09-30T12:37:26.705Z",
                                    "title": "RFI"
                                }
                            ]
                        },
                        {
                            "force": "CTF B",
                            "forceUniqid": "Blue-1",
                            "roles": [],
                            "subscriptionId": "etkkn",
                            "templates": [
                                {
                                    "_id": "k16eedkj",
                                    "_rev": "1-683379b9418a2ba688eb4a8dfec4de11",
                                    "completed": false,
                                    "details": {
                                        "format": "grid",
                                        "properties": {
                                            "Reference": {
                                                "propertyOrder": 10,
                                                "readonly": true,
                                                "type": "string"
                                            },
                                            "Request": {
                                                "format": "textarea",
                                                "type": "string"
                                            },
                                            "Title": {
                                                "maxLength": 30,
                                                "propertyOrder": 100,
                                                "type": "string"
                                            }
                                        },
                                        "title": "RFI",
                                        "type": "object"
                                    },
                                    "lastUpdated": "2019-09-30T12:37:26.705Z",
                                    "title": "RFI"
                                }
                            ]
                        },
                        {
                            "force": "White",
                            "forceUniqid": "umpire",
                            "roles": [
                                {
                                    "canSubmitPlans": true,
                                    "isGameControl": true,
                                    "isInsightViewer": true,
                                    "isObserver": true,
                                    "name": "Game Control"
                                },
                                {
                                    "canSubmitPlans": false,
                                    "isGameControl": false,
                                    "isInsightViewer": true,
                                    "isObserver": false,
                                    "isRFIManager": true,
                                    "name": "RFI Mgr"
                                },
                                {
                                    "canSubmitPlans": false,
                                    "isGameControl": false,
                                    "isInsightViewer": false,
                                    "isObserver": false,
                                    "isRFIManager": false,
                                    "name": "Blue HHQ"
                                }
                            ],
                            "subscriptionId": "59z0l",
                            "templates": []
                        }
                    ],
                    "uniqid": "channel-koirh7ok"
                },
                {
                    "name": "Blue RFS",
                    "participants": [
                        {
                            "force": "CTF A",
                            "forceUniqid": "Blue-2",
                            "roles": [],
                            "subscriptionId": "7kwvj",
                            "templates": [
                                {
                                    "_id": "k16eedkj",
                                    "_rev": "1-683379b9418a2ba688eb4a8dfec4de11",
                                    "completed": false,
                                    "details": {
                                        "format": "grid",
                                        "properties": {
                                            "Reference": {
                                                "propertyOrder": 10,
                                                "readonly": true,
                                                "type": "string"
                                            },
                                            "Request": {
                                                "format": "textarea",
                                                "type": "string"
                                            },
                                            "Title": {
                                                "maxLength": 30,
                                                "propertyOrder": 100,
                                                "type": "string"
                                            }
                                        },
                                        "title": "RFI",
                                        "type": "object"
                                    },
                                    "lastUpdated": "2019-09-30T12:37:26.705Z",
                                    "title": "RFI"
                                }
                            ]
                        },
                        {
                            "force": "CTF B",
                            "forceUniqid": "Blue-1",
                            "roles": [],
                            "subscriptionId": "yd9e",
                            "templates": [
                                {
                                    "_id": "k16eedkj",
                                    "_rev": "1-683379b9418a2ba688eb4a8dfec4de11",
                                    "completed": false,
                                    "details": {
                                        "format": "grid",
                                        "properties": {
                                            "Reference": {
                                                "propertyOrder": 10,
                                                "readonly": true,
                                                "type": "string"
                                            },
                                            "Request": {
                                                "format": "textarea",
                                                "type": "string"
                                            },
                                            "Title": {
                                                "maxLength": 30,
                                                "propertyOrder": 100,
                                                "type": "string"
                                            }
                                        },
                                        "title": "RFI",
                                        "type": "object"
                                    },
                                    "lastUpdated": "2019-09-30T12:37:26.705Z",
                                    "title": "RFI"
                                }
                            ]
                        },
                        {
                            "force": "White",
                            "forceUniqid": "umpire",
                            "roles": [
                                {
                                    "canSubmitPlans": true,
                                    "isGameControl": true,
                                    "isInsightViewer": true,
                                    "isObserver": true,
                                    "name": "Game Control"
                                },
                                {
                                    "canSubmitPlans": false,
                                    "isGameControl": false,
                                    "isInsightViewer": true,
                                    "isObserver": false,
                                    "isRFIManager": true,
                                    "name": "RFI Mgr"
                                },
                                {
                                    "canSubmitPlans": false,
                                    "isGameControl": false,
                                    "isInsightViewer": false,
                                    "isObserver": false,
                                    "isRFIManager": false,
                                    "name": "Blue HHQ"
                                }
                            ],
                            "subscriptionId": "4yotx",
                            "templates": []
                        }
                    ],
                    "uniqid": "channel-koirixa3"
                },
                {
                    "name": "Red RFI",
                    "participants": [
                        {
                            "force": "White",
                            "forceUniqid": "umpire",
                            "roles": [
                                {
                                    "canSubmitPlans": true,
                                    "isGameControl": true,
                                    "isInsightViewer": true,
                                    "isObserver": true,
                                    "name": "Game Control"
                                },
                                {
                                    "canSubmitPlans": false,
                                    "isGameControl": false,
                                    "isInsightViewer": true,
                                    "isObserver": false,
                                    "isRFIManager": true,
                                    "name": "RFI Mgr"
                                },
                                {
                                    "canSubmitPlans": false,
                                    "isGameControl": false,
                                    "isInsightViewer": false,
                                    "isObserver": false,
                                    "isRFIManager": false,
                                    "name": "Red HHQ"
                                }
                            ],
                            "subscriptionId": "lity",
                            "templates": []
                        },
                        {
                            "force": "CTF X",
                            "forceUniqid": "Red-2",
                            "roles": [],
                            "subscriptionId": "i02cn",
                            "templates": [
                                {
                                    "_id": "k16eedkj",
                                    "_rev": "1-683379b9418a2ba688eb4a8dfec4de11",
                                    "completed": false,
                                    "details": {
                                        "format": "grid",
                                        "properties": {
                                            "Reference": {
                                                "propertyOrder": 10,
                                                "readonly": true,
                                                "type": "string"
                                            },
                                            "Request": {
                                                "format": "textarea",
                                                "type": "string"
                                            },
                                            "Title": {
                                                "maxLength": 30,
                                                "propertyOrder": 100,
                                                "type": "string"
                                            }
                                        },
                                        "title": "RFI",
                                        "type": "object"
                                    },
                                    "lastUpdated": "2019-09-30T12:37:26.705Z",
                                    "title": "RFI"
                                }
                            ]
                        },
                        {
                            "force": "CTF Y",
                            "forceUniqid": "Red-1",
                            "roles": [],
                            "subscriptionId": "3b3ww",
                            "templates": [
                                {
                                    "_id": "k16eedkj",
                                    "_rev": "1-683379b9418a2ba688eb4a8dfec4de11",
                                    "completed": false,
                                    "details": {
                                        "format": "grid",
                                        "properties": {
                                            "Reference": {
                                                "propertyOrder": 10,
                                                "readonly": true,
                                                "type": "string"
                                            },
                                            "Request": {
                                                "format": "textarea",
                                                "type": "string"
                                            },
                                            "Title": {
                                                "maxLength": 30,
                                                "propertyOrder": 100,
                                                "type": "string"
                                            }
                                        },
                                        "title": "RFI",
                                        "type": "object"
                                    },
                                    "lastUpdated": "2019-09-30T12:37:26.705Z",
                                    "title": "RFI"
                                }
                            ]
                        }
                    ],
                    "uniqid": "channel-koirji8u"
                },
                {
                    "name": "Red RFS",
                    "participants": [
                        {
                            "force": "White",
                            "forceUniqid": "umpire",
                            "roles": [
                                {
                                    "canSubmitPlans": true,
                                    "isGameControl": true,
                                    "isInsightViewer": true,
                                    "isObserver": true,
                                    "name": "Game Control"
                                },
                                {
                                    "canSubmitPlans": false,
                                    "isGameControl": false,
                                    "isInsightViewer": true,
                                    "isObserver": false,
                                    "isRFIManager": true,
                                    "name": "RFI Mgr"
                                },
                                {
                                    "canSubmitPlans": false,
                                    "isGameControl": false,
                                    "isInsightViewer": false,
                                    "isObserver": false,
                                    "isRFIManager": false,
                                    "name": "Red HHQ"
                                }
                            ],
                            "subscriptionId": "6cjib",
                            "templates": []
                        },
                        {
                            "force": "CTF X",
                            "forceUniqid": "Red-2",
                            "roles": [],
                            "subscriptionId": "vkeel",
                            "templates": [
                                {
                                    "_id": "k16eedkj",
                                    "_rev": "1-683379b9418a2ba688eb4a8dfec4de11",
                                    "completed": false,
                                    "details": {
                                        "format": "grid",
                                        "properties": {
                                            "Reference": {
                                                "propertyOrder": 10,
                                                "readonly": true,
                                                "type": "string"
                                            },
                                            "Request": {
                                                "format": "textarea",
                                                "type": "string"
                                            },
                                            "Title": {
                                                "maxLength": 30,
                                                "propertyOrder": 100,
                                                "type": "string"
                                            }
                                        },
                                        "title": "RFI",
                                        "type": "object"
                                    },
                                    "lastUpdated": "2019-09-30T12:37:26.705Z",
                                    "title": "RFI"
                                }
                            ]
                        },
                        {
                            "force": "CTF Y",
                            "forceUniqid": "Red-1",
                            "roles": [],
                            "subscriptionId": "1jp7",
                            "templates": [
                                {
                                    "_id": "k16eedkj",
                                    "_rev": "1-683379b9418a2ba688eb4a8dfec4de11",
                                    "completed": false,
                                    "details": {
                                        "format": "grid",
                                        "properties": {
                                            "Reference": {
                                                "propertyOrder": 10,
                                                "readonly": true,
                                                "type": "string"
                                            },
                                            "Request": {
                                                "format": "textarea",
                                                "type": "string"
                                            },
                                            "Title": {
                                                "maxLength": 30,
                                                "propertyOrder": 100,
                                                "type": "string"
                                            }
                                        },
                                        "title": "RFI",
                                        "type": "object"
                                    },
                                    "lastUpdated": "2019-09-30T12:37:26.705Z",
                                    "title": "RFI"
                                }
                            ]
                        }
                    ],
                    "uniqid": "channel-koirk2st"
                },
                {
                    "name": "mapping",
                    "participants": [
                        {
                            "force": "White",
                            "forceUniqid": "umpire",
                            "roles": [],
                            "subscriptionId": "zit48h",
                            "templates": []
                        },
                        {
                            "force": "CTF A",
                            "forceUniqid": "Blue-2",
                            "roles": [],
                            "subscriptionId": "i0jjh",
                            "templates": []
                        },
                        {
                            "force": "CTF B",
                            "forceUniqid": "Blue-1",
                            "roles": [],
                            "subscriptionId": "w9lmf",
                            "templates": []
                        },
                        {
                            "force": "CTF X",
                            "forceUniqid": "Red-2",
                            "roles": [],
                            "subscriptionId": "vnuld",
                            "templates": []
                        },
                        {
                            "force": "CTF Y",
                            "forceUniqid": "Red-1",
                            "roles": [],
                            "subscriptionId": "x0kbe",
                            "templates": []
                        }
                    ],
                    "uniqid": "channel-koirldxk"
                },
                {
                    "name": "rfis",
                    "participants": [
                        {
                            "force": "White",
                            "forceUniqid": "umpire",
                            "roles": [],
                            "subscriptionId": "43ecb",
                            "templates": []
                        }
                    ],
                    "uniqid": "channel-koirn3xn"
                }
            ],
            "complete": false,
            "dirty": false,
            "name": "Channels",
            "selectedChannel": ""
        },
        "forces": {
            "complete": true,
            "dirty": false,
            "forces": [
                {
                    "color": "#FCFBEE",
                    "dirty": false,
                    "icon": "http://localhost:8080/default_img/umpireDefault.png",
                    "name": "White",
                    "overview": "Umpire force.",
                    "roles": [
                        {
                            "canSubmitPlans": true,
                            "isGameControl": true,
                            "isInsightViewer": true,
                            "isRFIManager": false,
                            "isObserver": true,
                            "name": "Game Control"
                        },
                        {
                            "canSubmitPlans": false,
                            "isGameControl": false,
                            "isInsightViewer": true,
                            "isObserver": false,
                            "isRFIManager": true,
                            "name": "RFI Mgr"
                        },
                        {
                            "canSubmitPlans": false,
                            "isGameControl": false,
                            "isInsightViewer": false,
                            "isObserver": false,
                            "isRFIManager": false,
                            "name": "Blue HHQ"
                        },
                        {
                            "canSubmitPlans": false,
                            "isGameControl": false,
                            "isInsightViewer": false,
                            "isObserver": false,
                            "isRFIManager": false,
                            "name": "Red HHQ"
                        }
                    ],
                    "umpire": true,
                    "uniqid": "umpire"
                },
                {
                    "assets": [
                        {
                            "condition": "Working",
                            "contactId": "C426",
                            "history": [],
                            "locationPending": true,
                            "name": "SSN",
                            "perceptions": [],
                            "position": "AH100",
                            "platformType": "ssn",
                            "uniqid": "a034a22t5431"
                        },
                        {
                            "condition": "Working",
                            "contactId": "C892",
                            "history": [],
                            "locationPending": true,
                            "name": "F-35 Sqn",
                            "perceptions": [
                                { "by": "Red-1", "force": "Blue-1"},
                                { "by": "Red-2", "force": "Blue-1"}
                            ],
                            "position": "BJ91",
                            "platformType": "fixed-wing-aircraft",
                            "uniqid": "a0a411ty54351"
                        },
                        {
                            "comprising": [
                                {
                                    "condition": "Working",
                                    "contactId": "C764",
                                    "history": [],
                                    "name": "CV 2",
                                    "perceptions": [
                                        { "by": "Red-1", "force": "Blue-1"},
                                        { "by": "Red-2", "force": "Blue-1"}
                                    ],
                                            "platformType": "Carrier",
                                    "uniqid": "a012br1141",
                                    "hosting": [
                                        {
                                            "condition": "Working",
                                            "contactId": "C222",
                                            "history": [],
                                            "name": "F/W Alpha",
                                            "perceptions": [],
                                            "platformType": "fixed-wing-aircraft",
                                            "uniqid": "a0534ty4331"
                                        },
                                        {
                                            "condition": "Working",
                                            "contactId": "C242",
                                            "history": [],
                                            "name": "F/W Bravo",
                                            "perceptions": [],
                                            "platformType": "fixed-wing-aircraft",
                                            "uniqid": "a0534ty7631"
                                        },
                                        {
                                            "condition": "Working",
                                            "contactId": "C422",
                                            "history": [],
                                            "name": "Rotary Alpha",
                                            "perceptions": [],
                                            "platformType": "helicopter",
                                            "uniqid": "a05866y4331"
                                        }
                                    ]
                                },
                                {
                                    "condition": "Working",
                                    "contactId": "W165",
                                    "history": [],
                                    "name": "Destroyer A",
                                    "perceptions": [
                                        { "by": "Red-1", "force": "Blue-1"},
                                        { "by": "Red-2", "force": "Blue-1"}
                                    ],
                                            "platformType": "destroyer",
                                    "uniqid": "a0phng6441",
                                    "hosting": [
                                        {
                                            "condition": "Working",
                                            "contactId": "C112",
                                            "history": [],
                                            "name": "Z1123",
                                            "perceptions": [],
                                            "platformType": "helicopter",
                                            "uniqid": "a0a8772ty4331"
                                        }
                                    ]
                                },
                                {
                                    "condition": "Working",
                                    "contactId": "D643",
                                    "history": [],
                                    "name": "Destroyer B",
                                    "perceptions": [
                                        { "by": "Red-1", "force": "Blue-1"},
                                        { "by": "Red-2", "force": "Blue-1"}
                                    ],
                                            "platformType": "destroyer",
                                    "uniqid": "a05435g6441",
                                    "hosting": [
                                        {
                                            "condition": "Working",
                                            "contactId": "C053",
                                            "history": [],
                                            "name": "Z6537",
                                            "perceptions": [],
                                            "platformType": "helicopter",
                                            "uniqid": "a0agjj2ty4331"
                                        }
                                    ]
                                },
                                {
                                    "condition": "Working",
                                    "contactId": "C165",
                                    "history": [],
                                    "name": "FFG (GP)",
                                    "perceptions": [
                                        { "by": "Red-1", "force": "Blue-1"},
                                        { "by": "Red-2", "force": "Blue-1"}
                                    ],
                                            "platformType": "frigate",
                                    "uniqid": "a0prng6441",
                                    "hosting": [
                                        {
                                            "condition": "Working",
                                            "contactId": "C642",
                                            "history": [],
                                            "name": "Z1266",
                                            "perceptions": [],
                                            "platformType": "helicopter",
                                            "uniqid": "a0aaa2ty4331"
                                        }
                                    ]
                                },
                                {
                                    "condition": "Working",
                                    "contactId": "C643",
                                    "history": [],
                                    "name": "FFG (TA)",
                                    "perceptions": [
                                        { "by": "Red-1", "force": "Blue-1"},
                                        { "by": "Red-2", "force": "Blue-1"}
                                    ],
                                            "platformType": "frigate-ta",
                                    "uniqid": "a054ng6441",
                                    "hosting": [
                                        {
                                            "condition": "Working",
                                            "contactId": "C942",
                                            "history": [],
                                            "name": "Z9823",
                                            "perceptions": [],
                                            "platformType": "helicopter",
                                            "uniqid": "a0a3242ty4331"
                                        }
                                    ]
                                },
                                {
                                    "condition": "Working",
                                    "contactId": "C332",
                                    "history": [],
                                    "name": "AO",
                                    "perceptions": [
                                        { "by": "Red-1", "force": "Blue-1"},
                                        { "by": "Red-2", "force": "Blue-1"}
                                    ],
                                            "platformType": "Auxiliary",
                                    "uniqid": "a0pegfddg4221",
                                    "hosting": [
                                        {
                                            "condition": "Working",
                                            "contactId": "C412",
                                            "history": [],
                                            "name": "Z8566",
                                            "perceptions": [],
                                            "platformType": "helicopter",
                                            "uniqid": "a0222ty4331"
                                        }
                                    ]
                                },
                                {
                                    "condition": "Working",
                                    "contactId": "C132",
                                    "history": [],
                                    "name": "AOR",
                                    "perceptions": [
                                        { "by": "Red-1", "force": "Blue-1"},
                                        { "by": "Red-2", "force": "Blue-1"}
                                    ],
                                            "platformType": "Auxiliary",
                                    "uniqid": "a0pe43ddg4221"
                                },
                                {
                                    "condition": "Working",
                                    "contactId": "C012",
                                    "history": [],
                                    "name": "SSN",
                                    "perceptions": [],
                                            "platformType": "ssn",
                                    "uniqid": "a0a228764221"
                                }
                            ],
                            "condition": "Working",
                            "contactId": "C164",
                            "history": [],
                            "locationPending": true,
                            "name": "Task Group",
                            "perceptions": [
                                { "by": "Red-1", "force": "Blue-1"},
                                { "by": "Red-2", "force": "Blue-1"}
                            ],
                            "position": "AJ94",
                            "platformType": "task-group",
                            "uniqid": "a0prbr1141"
                        },
                        {
                            "condition": "Working",
                            "contactId": "C866",
                            "history": [],
                            "locationPending": true,
                            "name": "SSN",
                            "perceptions": [],
                            "position": "AH94",
                            "platformType": "ssn",
                            "uniqid": "a0a975y4221"
                        }
                    ],
                    "color": "#00aaff",
                    "cssClass": "blue-1",
                    "dirty": false,
                    "icon": "http://localhost:8080/default_img/forceDefault.png",
                    "name": "Blue-1",
                    "overview": "An overview written here..",
                    "roles": [
                        {
                            "canSubmitPlans": true,
                            "isGameControl": false,
                            "isInsightViewer": false,
                            "isObserver": false,
                            "name": "CO"
                        },
                        {
                            "canSubmitPlans": false,
                            "isGameControl": false,
                            "isInsightViewer": false,
                            "isObserver": false,
                            "isRFIManager": false,
                            "name": "CTF B1"
                        },
                        {
                            "canSubmitPlans": false,
                            "isGameControl": false,
                            "isInsightViewer": false,
                            "isObserver": false,
                            "isRFIManager": false,
                            "name": "CTF B2"
                        },
                        {
                            "canSubmitPlans": false,
                            "isGameControl": false,
                            "isInsightViewer": false,
                            "isObserver": false,
                            "isRFIManager": false,
                            "name": "CTF B3"
                        },
                        {
                            "canSubmitPlans": false,
                            "isGameControl": false,
                            "isInsightViewer": false,
                            "isObserver": false,
                            "isRFIManager": false,
                            "name": "CTF B4"
                        },
                        {
                            "canSubmitPlans": false,
                            "isGameControl": false,
                            "isInsightViewer": false,
                            "isObserver": false,
                            "isRFIManager": false,
                            "name": "CTF B5"
                        }
                    ],
                    "umpire": false,
                    "visibleTo": [
                        "Blue-2"
                    ],
                    "uniqid": "Blue-1"
                },
                {
                    "assets": [
                        {
                            "condition": "Working",
                            "contactId": "C964",
                            "history": [],
                            "locationPending": true,
                            "name": "FFG(TA)",
                            "perceptions": [
                                { "by": "Red-1", "force": "Blue-2"},
                                { "by": "Red-2", "force": "Blue-2"}
                            ],
                            "position": "BD85",
                            "platformType": "frigate-ta",
                            "uniqid": "a0prbr6441",
                            "hosting": [
                                {
                                    "condition": "Working",
                                    "contactId": "C387",
                                    "history": [],
                                    "name": "Z4966",
                                    "perceptions": [],
                                    "platformType": "helicopter",
                                    "uniqid": "a0fhgty4331"
                                }
                            ]
                        },
                        {
                            "condition": "Working",
                            "contactId": "C116",
                            "history": [],
                            "locationPending": true,
                            "name": "FFG (TA)",
                            "perceptions": [
                                { "by": "Red-1", "force": "Blue-2"},
                                { "by": "Red-2", "force": "Blue-2"}
                            ],
                            "position": "BD87",
                            "platformType": "frigate-ta",
                            "uniqid": "a0praa4321",
                            "hosting": [
                                {
                                    "condition": "Working",
                                    "contactId": "C927",
                                    "history": [],
                                    "name": "Z9266",
                                    "perceptions": [],
                                    "platformType": "helicopter",
                                    "uniqid": "a092ty4331"
                                }
                            ]
                        },
                        {
                            "condition": "Working",
                            "contactId": "C726",
                            "history": [],
                            "locationPending": true,
                            "name": "SSN",
                            "perceptions": [],
                            "position": "BB81",
                            "platformType": "ssn",
                            "uniqid": "a0a22ty4221"
                        },
                        {
                            "condition": "Working",
                            "contactId": "C212",
                            "history": [],
                            "locationPending": true,
                            "name": "MPA A",
                            "perceptions": [
                                { "by": "Red-1", "force": "Blue-2"},
                                { "by": "Red-2", "force": "Blue-2"}
                            ],
                            "position": "BH97",
                            "platformType": "mpa",
                            "uniqid": "a0a22ty4331"
                        },
                        {
                            "condition": "Working",
                            "contactId": "C002",
                            "history": [],
                            "locationPending": true,
                            "name": "MPA B",
                            "perceptions": [
                                { "by": "Red-1", "force": "Blue-2"},
                                { "by": "Red-2", "force": "Blue-2"}
                            ],
                            "position": "BG98",
                            "platformType": "mpa",
                            "uniqid": "a0a22bwr331"
                        }
                    ],
                    "color": "#00008f",
                    "cssClass": "blue-2",
                    "dirty": false,
                    "icon": "http://localhost:8080/default_img/forceDefault.png",
                    "name": "Blue-2",
                    "overview": "An overview written here..",
                    "roles": [
                        {
                            "canSubmitPlans": true,
                            "isGameControl": false,
                            "isInsightViewer": false,
                            "isObserver": false,
                            "name": "CO"
                        },
                        {
                            "canSubmitPlans": false,
                            "isGameControl": false,
                            "isInsightViewer": false,
                            "isObserver": false,
                            "isRFIManager": false,
                            "name": "CTF A1"
                        },
                        {
                            "canSubmitPlans": false,
                            "isGameControl": false,
                            "isInsightViewer": false,
                            "isObserver": false,
                            "isRFIManager": false,
                            "name": "CTF A2"
                        },
                        {
                            "canSubmitPlans": false,
                            "isGameControl": false,
                            "isInsightViewer": false,
                            "isObserver": false,
                            "isRFIManager": false,
                            "name": "CTF A3"
                        },
                        {
                            "canSubmitPlans": false,
                            "isGameControl": false,
                            "isInsightViewer": false,
                            "isObserver": false,
                            "isRFIManager": false,
                            "name": "CTF A4"
                        },
                        {
                            "canSubmitPlans": false,
                            "isGameControl": false,
                            "isInsightViewer": false,
                            "isObserver": false,
                            "isRFIManager": false,
                            "name": "CTF A5"
                        }
                    ],
                    "umpire": false,
                    "visibleTo": [
                        "Blue-1"
                    ],
                    "uniqid": "Blue-2"
                },
                {
                    "assets": [
                        {
                            "comprising": [
                                {
                                    "condition": "Working",
                                    "contactId": "C265",
                                    "history": [],
                                    "name": "FFG",
                                    "perceptions": [],
                                    "platformType": "frigate",
                                    "uniqid": "a0hfghg6441",
                                    "hosting": [
                                        {
                                            "condition": "Working",
                                            "contactId": "C232",
                                            "history": [],
                                            "name": "Z7734",
                                            "perceptions": [],
                                            "platformType": "helicopter",
                                            "uniqid": "a0adgdf2ty4331"
                                        }
                                    ]
                                },
                                {
                                    "condition": "Working",
                                    "contactId": "C109",
                                    "history": [],
                                    "name": "FFG",
                                    "perceptions": [],
                                    "platformType": "frigate",
                                    "uniqid": "a05sdf6441",
                                    "hosting": [
                                        {
                                            "condition": "Working",
                                            "contactId": "C142",
                                            "history": [],
                                            "name": "Z1123",
                                            "perceptions": [],
                                            "platformType": "helicopter",
                                            "uniqid": "a0a3gfdty4331"
                                        }
                                    ]
                                }
                            ],
                            "condition": "Working",
                            "contactId": "C361",
                            "history": [],
                            "locationPending": true,
                            "name": "SAG",
                            "perceptions": [
                                { "by": "Blue-1", "force": "Red-1"},
                                { "by": "Blue-2", "force": "Red-1"}
                            ],
                            "position": "BM92",
                            "platformType": "task-group",
                            "uniqid": "a0p765edf41"
                        },
                        {
                            "condition": "Working",
                            "contactId": "C122",
                            "history": [],
                            "locationPending": true,
                            "name": "AGI",
                            "perceptions": [],
                            "position": "BS92",
                            "platformType": "agi",
                            "uniqid": "a0a45988ty54351"
                        },
                        {
                            "condition": "Working",
                            "contactId": "C766",
                            "history": [],
                            "locationPending": true,
                            "name": "SSK 1",
                            "perceptions": [],
                            "position": "CL89",
                            "platformType": "ssk",
                            "uniqid": "a0376765422t5431"
                        },
                        {
                            "condition": "Working",
                            "contactId": "C636",
                            "history": [],
                            "locationPending": true,
                            "name": "SSK 2",
                            "perceptions": [],
                            "position": "CG86",
                            "platformType": "ssk",
                            "uniqid": "a0376qww5422t5431"
                        },
                        {
                            "condition": "Working",
                            "contactId": "C542",
                            "history": [],
                            "locationPending": true,
                            "name": "MPA 1",
                            "perceptions": [
                                { "by": "Blue-1", "force": "Red-1"},
                                { "by": "Blue-2", "force": "Red-1"}
                            ],
                            "position": "CX106",
                            "platformType": "mpa",
                            "uniqid": "a0a112ty344331"
                        },
                        {
                            "condition": "Working",
                            "contactId": "C442",
                            "history": [],
                            "locationPending": true,
                            "name": "MPA 2",
                            "perceptions": [
                                { "by": "Blue-1", "force": "Red-1"},
                                { "by": "Blue-2", "force": "Red-1"}
                            ],
                            "position": "CM107",
                            "platformType": "mpa",
                            "uniqid": "a03322ty344331"
                        },
                        {
                            "condition": "Working",
                            "contactId": "C342",
                            "history": [],
                            "locationPending": true,
                            "name": "MPA 3",
                            "perceptions": [],
                            "position": "CL119",
                            "platformType": "mpa",
                            "uniqid": "a06622ty344331"
                        },
                        {
                            "condition": "Working",
                            "contactId": "C113",
                            "history": [],
                            "locationPending": true,
                            "name": "CDCM",
                            "perceptions": [],
                            "position": "CV99",
                            "platformType": "missile",
                            "uniqid": "a06342423g344331"
                        }
                    ],
                    "color": "#f00",
                    "cssClass": "red-1",
                    "dirty": false,
                    "icon": "http://localhost:8080/default_img/forceDefault.png",
                    "name": "Red-1",
                    "overview": "An overview written here..",
                    "roles": [
                        {
                            "canSubmitPlans": true,
                            "isGameControl": false,
                            "isInsightViewer": false,
                            "isObserver": false,
                            "name": "CO"
                        },
                        {
                            "canSubmitPlans": false,
                            "isGameControl": false,
                            "isInsightViewer": false,
                            "isObserver": false,
                            "isRFIManager": false,
                            "name": "CTF Y1"
                        },
                        {
                            "canSubmitPlans": false,
                            "isGameControl": false,
                            "isInsightViewer": false,
                            "isObserver": false,
                            "isRFIManager": false,
                            "name": "CTF Y2"
                        },
                        {
                            "canSubmitPlans": false,
                            "isGameControl": false,
                            "isInsightViewer": false,
                            "isObserver": false,
                            "isRFIManager": false,
                            "name": "CTF Y3"
                        },
                        {
                            "canSubmitPlans": false,
                            "isGameControl": false,
                            "isInsightViewer": false,
                            "isObserver": false,
                            "isRFIManager": false,
                            "name": "CTF Y4"
                        },
                        {
                            "canSubmitPlans": false,
                            "isGameControl": false,
                            "isInsightViewer": false,
                            "isObserver": false,
                            "isRFIManager": false,
                            "name": "CTF Y5"
                        }
                    ],
                    "umpire": false,
                    "visibleTo": [
                        "Red-2"
                    ],
                    "uniqid": "Red-1"
                },
                {
                    "assets": [
                        {
                            "condition": "Working",
                            "contactId": "C496",
                            "history": [],
                            "locationPending": true,
                            "name": "SSN",
                            "perceptions": [],
                            "position": "BJ125",
                            "platformType": "ssn",
                            "uniqid": "a0365422t5431"
                        },
                        {
                            "condition": "Working",
                            "contactId": "C454",
                            "history": [],
                            "locationPending": true,
                            "name": "SSGN 1",
                            "perceptions": [],
                            "position": "BO113",
                            "platformType": "ssn",
                            "uniqid": "a0365sd565431"
                        },
                        {
                            "condition": "Working",
                            "contactId": "C774",
                            "history": [],
                            "locationPending": true,
                            "name": "SSGN 2",
                            "perceptions": [],
                            "position": "BO110",
                            "platformType": "ssn",
                            "uniqid": "a0365hgcc65431"
                        },
                        {
                            "condition": "Working",
                            "contactId": "C532",
                            "history": [],
                            "locationPending": true,
                            "name": "AGI 1",
                            "perceptions": [
                                { "by": "Blue-1", "force": "Red-2"},
                                { "by": "Blue-2", "force": "Red-2"}
                            ],
                            "position": "AW120",
                            "platformType": "agi",
                            "uniqid": "a0a4543ty54351"
                        },
                        {
                            "condition": "Working",
                            "contactId": "C122",
                            "history": [],
                            "locationPending": true,
                            "name": "AGI 2",
                            "perceptions": [
                                { "by": "Blue-1", "force": "Red-2"},
                                { "by": "Blue-2", "force": "Red-2"}
                            ],
                            "position": "AK110",
                            "platformType": "agi",
                            "uniqid": "a03ty54351"
                        },
                        {
                            "condition": "Working",
                            "contactId": "C7676",
                            "history": [],
                            "locationPending": true,
                            "name": "SSN",
                            "perceptions": [],
                            "position": "AI129",
                            "platformType": "ssn",
                            "uniqid": "a036657fd22t5431",
                            "hosting": [
                                {
                                    "condition": "Working",
                                    "contactId": "C450",
                                    "history": [],
                                    "name": "SS",
                                    "perceptions": [],
                                    "platformType": "ssk",
                                    "uniqid": "a036657fd2df2t5431"
                                }
                            ]
                        }
                    ],
                    "color": "#ff7b7b",
                    "cssClass": "red-2",
                    "dirty": false,
                    "icon": "http://localhost:8080/default_img/forceDefault.png",
                    "name": "Red-2",
                    "overview": "An overview written here..",
                    "roles": [
                        {
                            "canSubmitPlans": true,
                            "isGameControl": false,
                            "isInsightViewer": false,
                            "isObserver": false,
                            "name": "CO"
                        },
                        {
                            "canSubmitPlans": false,
                            "isGameControl": false,
                            "isInsightViewer": false,
                            "isObserver": false,
                            "isRFIManager": false,
                            "name": "CTF X1"
                        },
                        {
                            "canSubmitPlans": false,
                            "isGameControl": false,
                            "isInsightViewer": false,
                            "isObserver": false,
                            "isRFIManager": false,
                            "name": "CTF X2"
                        },
                        {
                            "canSubmitPlans": false,
                            "isGameControl": false,
                            "isInsightViewer": false,
                            "isObserver": false,
                            "isRFIManager": false,
                            "name": "CTF X3"
                        },
                        {
                            "canSubmitPlans": false,
                            "isGameControl": false,
                            "isInsightViewer": false,
                            "isObserver": false,
                            "isRFIManager": false,
                            "name": "CTF X4"
                        },
                        {
                            "canSubmitPlans": false,
                            "isGameControl": false,
                            "isInsightViewer": false,
                            "isObserver": false,
                            "isRFIManager": false,
                            "name": "CTF X5"
                        }
                    ],
                    "umpire": false,
                    "visibleTo": [
                        "Red-1"
                    ],
                    "uniqid": "Red-2"
                },
                {
                    "assets": [
                        {
                            "condition": "Working",
                            "contactId": "C901",
                            "history": [],
                            "name": "Datum-1",
                            "perceptions": [],
                            "position": "R121",
                            "platformType": "datum",
                            "uniqid": "a0prbr6001"
                        },
                        {
                            "condition": "Working",
                            "contactId": "C902",
                            "history": [],
                            "name": "Datum-2",
                            "perceptions": [],
                            "position": "R122",
                            "platformType": "datum",
                            "uniqid": "datum1"
                        },
                        {
                            "condition": "Working",
                            "contactId": "C903",
                            "history": [],
                            "name": "Datum-3",
                            "perceptions": [],
                            "position": "R123",
                            "platformType": "datum",
                            "uniqid": "datum2"
                        },
                        {
                            "condition": "Working",
                            "contactId": "C904",
                            "history": [],
                            "name": "Datum-4",
                            "perceptions": [],
                            "position": "R124",
                            "platformType": "datum",
                            "uniqid": "datum3"
                        },
                        {
                            "condition": "Working",
                            "contactId": "C905",
                            "history": [],
                            "name": "Datum-5",
                            "perceptions": [],
                            "position": "R125",
                            "platformType": "datum",
                            "uniqid": "datum5"
                        },
                        {
                            "condition": "Working",
                            "contactId": "C906",
                            "history": [],
                            "name": "Datum-6",
                            "perceptions": [],
                            "position": "R126",
                            "platformType": "datum",
                            "uniqid": "datum6"
                        },
                        {
                            "condition": "Working",
                            "contactId": "C907",
                            "history": [],
                            "name": "Datum-7",
                            "perceptions": [],
                            "position": "R127",
                            "platformType": "datum",
                            "uniqid": "datum7"
                        },
                        {
                            "condition": "Working",
                            "contactId": "C908",
                            "history": [],
                            "name": "Datum-8",
                            "perceptions": [],
                            "position": "R128",
                            "platformType": "datum",
                            "uniqid": "datum8"
                        },
                        {
                            "condition": "Working",
                            "contactId": "C909",
                            "history": [],
                            "name": "Datum-9",
                            "perceptions": [],
                            "position": "R129",
                            "platformType": "datum",
                            "uniqid": "datum9"
                        },
                        {
                            "condition": "Working",
                            "contactId": "C900",
                            "history": [],
                            "name": "Datum-10",
                            "perceptions": [],
                            "position": "R120",
                            "platformType": "datum",
                            "uniqid": "datum0"
                        }
                    ],
                    "color": "#00ff00",
                    "cssClass": "green",
                    "dirty": false,
                    "icon": "http://localhost:8080/default_img/forceDefault.png",
                    "name": "Green",
                    "overview": "An overview written here..",
                    "roles": [],
                    "umpire": false,
                    "controlledBy": [
                        "umpire"
                    ],
                    "uniqid": "Green"
                }
            ],
            "name": "Forces",
            "selectedForce": ""
        },
        "overview": {
            "complete": false,
            "dirty": false,
            "gameDate": "2021-05-10T16:12:05+01:00",
            "gameDescription": "",
            "gameTurnTime": 43200000,
            "mapConstraints": {
                "bounds": [
                    [
                        75,
                        -90
                    ],
                    [
                        30,
                        30
                    ]
                ],
                "gridCellsURL": "cells/atlantic-cells-6k.json",
                "maxNativeZoom": 7,
                "maxZoom": 10,
                "minZoom": 3,
                "minZoomHexes": 6,
                "polygonAreasURL": "cells/atlantic-polygons.json",
                "targetDataset": "Atlantic",
                "tileDiameterMins": 24.4,
                "tileLayer": {
                    "attribution": "Generated by QTiles",
                    "url": "./atlantic_tiles/{z}/{x}/{y}.png"
                }
            },
            "name": "Overview - settings",
            "realtimeTurnTime": 300000,
            "showAccessCodes": true,
            "timeWarning": 60000
        },
        "platform_types": {
            "complete": false,
            "dirty": false,
            "name": "Platform Types",
            "platformTypes": [
                {
                    "conditions": [
                        "Working",
                        "Disabled",
                        "Mission Kill"
                    ],
                    "icon": "frigate.svg",
                    "name": "frigate",
                    "speedKts": [
                        6,
                        12,
                        18,
                        24
                    ],
                    "states": [
                        {
                            "mobile": true,
                            "name": "Transiting"
                        },
                        {
                            "mobile": true,
                            "name": "Mixed"
                        },
                        {
                            "mobile": true,
                            "name": "Active"
                        },
                        {
                            "mobile": true,
                            "name": "Passive"
                        }
                    ],
                    "travelMode": "sea"
                },
                {
                    "conditions": [
                        "Working",
                        "Disabled",
                        "Mission Kill"
                    ],
                    "icon": "frigate-ta.svg",
                    "name": "frigate-ta",
                    "speedKts": [
                        6,
                        12,
                        18,
                        24
                    ],
                    "states": [
                        {
                            "mobile": true,
                            "name": "Transiting"
                        },
                        {
                            "mobile": true,
                            "name": "Mixed"
                        },
                        {
                            "mobile": true,
                            "name": "Active"
                        },
                        {
                            "mobile": true,
                            "name": "Passive"
                        }
                    ],
                    "travelMode": "sea"
                },
                {
                    "conditions": [
                        "Working",
                        "Disabled",
                        "Mission Kill"
                    ],
                    "icon": "missile.svg",
                    "name": "Missile",
                    "states": [
                        {
                            "mobile": false,
                            "name": "Inactive"
                        },
                        {
                            "mobile": true,
                            "name": "Deployed"
                        }
                    ],
                    "travelMode": "air"
                },
                {
                    "conditions": [
                        "Working",
                        "Disabled",
                        "Mission Kill"
                    ],
                    "icon": "carrier.svg",
                    "name": "Carrier",
                    "speedKts": [
                        6,
                        12,
                        18,
                        24,
                        30
                    ],
                    "states": [
                        {
                            "mobile": true,
                            "name": "Transiting"
                        },
                        {
                            "mobile": true,
                            "name": "Air Ops"
                        }
                    ],
                    "travelMode": "sea"
                },
                {
                    "conditions": [
                        "Working",
                        "Disabled",
                        "Mission Kill"
                    ],
                    "icon": "auxiliary.svg",
                    "name": "Auxiliary",
                    "speedKts": [
                        6,
                        12
                    ],
                    "states": [
                        {
                            "mobile": true,
                            "name": "Transiting"
                        },
                        {
                            "mobile": true,
                            "name": "Supporting"
                        }
                    ],
                    "travelMode": "sea"
                },
                {
                    "conditions": [
                        "Working",
                        "Disabled",
                        "Mission Kill"
                    ],
                    "icon": "destroyer.svg",
                    "name": "Destroyer",
                    "speedKts": [
                        6,
                        12,
                        18,
                        24,
                        30
                    ],
                    "states": [
                        {
                            "mobile": true,
                            "name": "Transiting"
                        },
                        {
                            "mobile": false,
                            "name": "Loitering"
                        }
                    ],
                    "travelMode": "sea"
                },
                {
                    "conditions": [
                        "Working",
                        "Disabled",
                        "Mission Kill"
                    ],
                    "icon": "ssk.svg",
                    "name": "SSK",
                    "speedKts": [
                        6,
                        12,
                        18
                    ],
                    "states": [
                        {
                            "mobile": true,
                            "name": "Transiting"
                        },
                        {
                            "mobile": true,
                            "name": "Aggressove"
                        },
                        {
                            "mobile": true,
                            "name": "Evasive"
                        }
                    ],
                    "travelMode": "sea"
                },
                {
                    "conditions": [
                        "Working",
                        "Disabled",
                        "Mission Kill"
                    ],
                    "icon": "ssn.svg",
                    "name": "SSN",
                    "speedKts": [
                        6,
                        12,
                        18,
                        24
                    ],
                    "states": [
                        {
                            "mobile": true,
                            "name": "Transiting"
                        },
                        {
                            "mobile": true,
                            "name": "Aggressove"
                        },
                        {
                            "mobile": true,
                            "name": "Evasive"
                        }
                    ],
                    "travelMode": "sea"
                },
                {
                    "conditions": [
                        "Working",
                        "Inactive"
                    ],
                    "icon": "datum.svg",
                    "name": "datum",
                    "states": [
                        {
                            "mobile": true,
                            "name": "Active"
                        }
                    ],
                    "travelMode": "air"
                },
                {
                    "conditions": [
                        "Working",
                        "Disabled",
                        "Mission Kill"
                    ],
                    "icon": "helicopter.svg",
                    "name": "Helicopter",
                    "states": [
                        {
                            "mobile": true,
                            "name": "Active"
                        },
                        {
                            "mobile": false,
                            "name": "Landed"
                        }
                    ],
                    "travelMode": "air"
                },
                {
                    "conditions": [
                        "Working",
                        "Disabled",
                        "Mission Kill"
                    ],
                    "icon": "mpa.svg",
                    "name": "mpa",
                    "states": [
                        {
                            "mobile": true,
                            "name": "Active"
                        },
                        {
                            "mobile": false,
                            "name": "Landed"
                        }
                    ],
                    "travelMode": "air"
                },
                {
                    "conditions": [
                        "Working",
                        "Disabled",
                        "Mission Kill"
                    ],
                    "icon": "fixed-wing-aircraft.svg",
                    "name": "Fixed Wing Aircraft",
                    "states": [
                        {
                            "mobile": true,
                            "name": "Active"
                        },
                        {
                            "mobile": false,
                            "name": "Landed"
                        }
                    ],
                    "travelMode": "air"
                },
                {
                    "name": "Merchant vessel",
                    "conditions": [
                        "Working",
                        "Disabled",
                        "Mission Kill"
                    ],
                    "icon": "merchant-vessel.svg",
                    "speedKts": [
                        6,
                        12
                    ],
                    "states": [
                        {
                            "name": "Transiting",
                            "mobile": true
                        },
                        {
                            "name": "Moored",
                            "mobile": false
                        }
                    ],
                    "travelMode": "sea"
                },
                {
                    "name": "Boghammer",
                    "conditions": [
                        "Working",
                        "Disabled",
                        "Mission Kill"
                    ],
                    "icon": "boghammer.svg",
                    "speedKts": [
                        6,
                        12,
                        18,
                        24,
                        30
                    ],
                    "states": [
                        {
                            "name": "Transiting",
                            "mobile": true
                        },
                        {
                            "name": "Moored",
                            "mobile": false
                        }
                    ],
                    "travelMode": "sea"
                },
                {
                    "name": "AGI",
                    "conditions": [
                        "Working",
                        "Disabled",
                        "Mission Kill"
                    ],
                    "icon": "agi.svg",
                    "speedKts": [
                        6,
                        12,
                        18
                    ],
                    "states": [
                        {
                            "name": "Transiting",
                            "mobile": true
                        },
                        {
                            "name": "Moored",
                            "mobile": false
                        }
                    ],
                    "travelMode": "sea"
                },
                {
                    "name": "Task Group",
                    "conditions": [
                        "Working",
                        "Disabled",
                        "Mission Kill"
                    ],
                    "icon": "task-group.svg",
                    "speedKts": [
                        6,
                        12,
                        18,
                        24,
                        30
                    ],
                    "states": [
                        {
                            "name": "Transiting",
                            "mobile": true
                        },
                        {
                            "name": "Stopped",
                            "mobile": false
                        },
                        {
                            "name": "Moored",
                            "mobile": false
                        }
                    ],
                    "travelMode": "sea"
                }
            ],
            "selectedType": ""
        }
    },
    "gameTurn": 0,
    "name": "wargame-koiquada",
    "phase": "adjudication",
    "turnEndTime": "2021-05-10T16:59:06+01:00",
    "wargameInitiated": false,
    "wargameTitle": "CmdWk"
}