Name,Row,Col,Type,Lat/Lon
022042,22,42,0,61.48/-44.07
022043,22,43,0,62/-44.14
022044,22,44,1,62.52/-45.6
023040,23,40,4,60.44/-41.43
023041,23,41,4,60.96/-41.45
023042,23,42,0,61.48/-42.81
023043,23,43,0,62/-42.86
023044,23,44,1,62.52/-44.3
024038,24,38,0,59.4/-38.96
024039,24,39,0,59.92/-38.94
024040,24,40,0,60.44/-40.21
024041,24,41,4,60.96/-40.21
024042,24,42,0,61.48/-41.55
024043,24,43,0,62/-41.58
024044,24,44,0,62.52/-42.99
024045,24,45,0,63.04/-43.06
024046,24,46,1,63.56/-44.56
025036,25,36,7,58.36/-36.66
025037,25,37,7,58.88/-36.6
025038,25,38,7,59.4/-37.78
025039,25,39,0,59.92/-37.74
025040,25,40,0,60.44/-38.99
025041,25,41,0,60.96/-38.97
025042,25,42,4,61.48/-40.29
025043,25,43,4,62/-40.3
025044,25,44,0,62.52/-41.69
025045,25,45,0,63.04/-41.73
025046,25,46,1,63.56/-43.21
025047,25,47,1,64.08/-43.29
025048,25,48,1,64.6/-44.86
026034,26,34,7,57.32/-34.5
026035,26,35,7,57.84/-34.41
026036,26,36,7,58.36/-35.51
026037,26,37,7,58.88/-35.44
026038,26,38,7,59.4/-36.6
026039,26,39,7,59.92/-36.54
026040,26,40,7,60.44/-37.77
026041,26,41,7,60.96/-37.73
026042,26,42,0,61.48/-39.03
026043,26,43,0,62/-39.02
026044,26,44,0,62.52/-40.39
026045,26,45,0,63.04/-40.41
026046,26,46,0,63.56/-41.86
026047,26,47,0,64.08/-41.91
026048,26,48,1,64.6/-43.46
026049,26,49,1,65.11/-43.55
026050,26,50,1,65.63/-45.2
027032,27,32,7,56.28/-32.47
027033,27,33,7,56.8/-32.35
027034,27,34,7,57.32/-33.39
027035,27,35,7,57.84/-33.28
027036,27,36,7,58.36/-34.37
027037,27,37,7,58.88/-34.28
027038,27,38,7,59.4/-35.42
027039,27,39,7,59.92/-35.35
027040,27,40,7,60.44/-36.55
027041,27,41,7,60.96/-36.5
027042,27,42,0,61.48/-37.77
027043,27,43,4,62/-37.74
027044,27,44,4,62.52/-39.09
027045,27,45,4,63.04/-39.08
027046,27,46,0,63.56/-40.51
027047,27,47,0,64.08/-40.54
027048,27,48,1,64.6/-42.06
027049,27,49,0,65.11/-42.12
027050,27,50,1,65.63/-43.74
027051,27,51,1,66.15/-43.85
027052,27,52,1,66.67/-45.58
028030,28,30,7,55.24/-30.56
028031,28,31,7,55.76/-30.41
028032,28,32,7,56.28/-31.39
028033,28,33,7,56.8/-31.25
028034,28,34,7,57.32/-32.27
028035,28,35,7,57.84/-32.15
028036,28,36,7,58.36/-33.22
028037,28,37,7,58.88/-33.11
028038,28,38,7,59.4/-34.24
028039,28,39,7,59.92/-34.15
028040,28,40,7,60.44/-35.33
028041,28,41,7,60.96/-35.26
028042,28,42,7,61.48/-36.51
028043,28,43,7,62/-36.46
028044,28,44,0,62.52/-37.78
028045,28,45,4,63.04/-37.76
028046,28,46,0,63.56/-39.16
028047,28,47,0,64.08/-39.16
028048,28,48,0,64.6/-40.65
028049,28,49,0,65.11/-40.69
028050,28,50,1,65.63/-42.28
028051,28,51,1,66.15/-42.36
028052,28,52,1,66.67/-44.06
029028,29,28,7,54.2/-28.76
029029,29,29,7,54.72/-28.59
029030,29,30,7,55.24/-29.51
029031,29,31,4,55.76/-29.34
029032,29,32,7,56.28/-30.31
029033,29,33,7,56.8/-30.16
029034,29,34,7,57.32/-31.16
029035,29,35,7,57.84/-31.02
029036,29,36,7,58.36/-32.08
029037,29,37,7,58.88/-31.95
029038,29,38,7,59.4/-33.06
029039,29,39,7,59.92/-32.95
029040,29,40,7,60.44/-34.11
029041,29,41,7,60.96/-34.02
029042,29,42,7,61.48/-35.25
029043,29,43,7,62/-35.18
029044,29,44,0,62.52/-36.48
029045,29,45,0,63.04/-36.43
029046,29,46,4,63.56/-37.81
029047,29,47,4,64.08/-37.79
029048,29,48,0,64.6/-39.25
029049,29,49,0,65.11/-39.26
029050,29,50,0,65.63/-40.82
029051,29,51,0,66.15/-40.87
029052,29,52,1,66.67/-42.54
029053,29,53,1,67.19/-42.63
029054,29,54,1,67.71/-44.42
030026,30,26,7,53.16/-27.05
030027,30,27,7,53.68/-26.86
030028,30,28,7,54.2/-27.73
030029,30,29,7,54.72/-27.55
030030,30,30,4,55.24/-28.45
030031,30,31,7,55.76/-28.28
030032,30,32,7,56.28/-29.22
030033,30,33,7,56.8/-29.06
030034,30,34,7,57.32/-30.05
030035,30,35,7,57.84/-29.89
030036,30,36,7,58.36/-30.93
030037,30,37,7,58.88/-30.79
030038,30,38,7,59.4/-31.88
030039,30,39,7,59.92/-31.75
030040,30,40,7,60.44/-32.9
030041,30,41,7,60.96/-32.79
030042,30,42,7,61.48/-33.99
030043,30,43,7,62/-33.9
030044,30,44,7,62.52/-35.18
030045,30,45,7,63.04/-35.11
030046,30,46,0,63.56/-36.46
030047,30,47,4,64.08/-36.42
030048,30,48,0,64.6/-37.85
030049,30,49,0,65.11/-37.84
030050,30,50,0,65.63/-39.37
030051,30,51,0,66.15/-39.39
030052,30,52,1,66.67/-41.02
030053,30,53,1,67.19/-41.08
030054,30,54,1,67.71/-42.84
030055,30,55,1,68.23/-42.95
030056,30,56,1,68.75/-44.84
031024,31,24,7,52.12/-25.44
031025,31,25,7,52.64/-25.23
031026,31,26,7,53.16/-26.05
031027,31,27,7,53.68/-25.85
031028,31,28,7,54.2/-26.7
031029,31,29,7,54.72/-26.51
031030,31,30,7,55.24/-27.4
031031,31,31,7,55.76/-27.21
031032,31,32,4,56.28/-28.14
031033,31,33,7,56.8/-27.96
031034,31,34,7,57.32/-28.94
031035,31,35,7,57.84/-28.77
031036,31,36,7,58.36/-29.79
031037,31,37,7,58.88/-29.63
031038,31,38,7,59.4/-30.7
031039,31,39,7,59.92/-30.55
031040,31,40,7,60.44/-31.68
031041,31,41,7,60.96/-31.55
031042,31,42,7,61.48/-32.73
031043,31,43,7,62/-32.62
031044,31,44,7,62.52/-33.87
031045,31,45,7,63.04/-33.78
031046,31,46,7,63.56/-35.11
031047,31,47,0,64.08/-35.04
031048,31,48,0,64.6/-36.45
031049,31,49,0,65.11/-36.41
031050,31,50,0,65.63/-37.91
031051,31,51,0,66.15/-37.9
031052,31,52,1,66.67/-39.5
031053,31,53,1,67.19/-39.53
031054,31,54,1,67.71/-41.25
031055,31,55,1,68.23/-41.33
031056,31,56,1,68.75/-43.18
031057,31,57,1,69.27/-43.31
031058,31,58,1,69.79/-45.31
032022,32,22,0,51.09/-23.9
032023,32,23,0,51.6/-23.68
032024,32,24,7,52.12/-24.46
032025,32,25,7,52.64/-24.24
032026,32,26,7,53.16/-25.05
032027,32,27,7,53.68/-24.83
032028,32,28,7,54.2/-25.68
032029,32,29,7,54.72/-25.47
032030,32,30,7,55.24/-26.35
032031,32,31,7,55.76/-26.14
032032,32,32,4,56.28/-27.06
032033,32,33,4,56.8/-26.87
032034,32,34,7,57.32/-27.82
032035,32,35,7,57.84/-27.64
032036,32,36,7,58.36/-28.64
032037,32,37,7,58.88/-28.47
032038,32,38,7,59.4/-29.52
032039,32,39,7,59.92/-29.36
032040,32,40,7,60.44/-30.46
032041,32,41,7,60.96/-30.31
032042,32,42,7,61.48/-31.47
032043,32,43,7,62/-31.34
032044,32,44,7,62.52/-32.57
032045,32,45,7,63.04/-32.46
032046,32,46,7,63.56/-33.76
032047,32,47,0,64.08/-33.67
032048,32,48,4,64.6/-35.05
032049,32,49,0,65.11/-34.98
032050,32,50,0,65.63/-36.45
032051,32,51,0,66.15/-36.41
032052,32,52,1,66.67/-37.98
032053,32,53,1,67.19/-37.98
032054,32,54,1,67.71/-39.66
032055,32,55,1,68.23/-39.71
032056,32,56,1,68.75/-41.52
032057,32,57,1,69.27/-41.61
032058,32,58,1,69.79/-43.56
032059,32,59,1,70.31/-43.72
032060,32,60,1,70.83/-45.84
033020,33,20,0,50.05/-22.44
033021,33,21,0,50.57/-22.2
033022,33,22,0,51.09/-22.95
033023,33,23,0,51.6/-22.71
033024,33,24,7,52.12/-23.48
033025,33,25,7,52.64/-23.25
033026,33,26,7,53.16/-24.05
033027,33,27,7,53.68/-23.82
033028,33,28,7,54.2/-24.65
033029,33,29,7,54.72/-24.43
033030,33,30,7,55.24/-25.29
033031,33,31,7,55.76/-25.08
033032,33,32,7,56.28/-25.98
033033,33,33,4,56.8/-25.77
033034,33,34,7,57.32/-26.71
033035,33,35,7,57.84/-26.51
033036,33,36,7,58.36/-27.49
033037,33,37,7,58.88/-27.3
033038,33,38,7,59.4/-28.34
033039,33,39,7,59.92/-28.16
033040,33,40,7,60.44/-29.24
033041,33,41,7,60.96/-29.07
033042,33,42,7,61.48/-30.22
033043,33,43,7,62/-30.06
033044,33,44,7,62.52/-31.27
033045,33,45,7,63.04/-31.13
033046,33,46,7,63.56/-32.41
033047,33,47,0,64.08/-32.29
033048,33,48,4,64.6/-33.64
033049,33,49,0,65.11/-33.55
033050,33,50,0,65.63/-34.99
033051,33,51,0,66.15/-34.93
033052,33,52,1,66.67/-36.46
033053,33,53,0,67.19/-36.43
033054,33,54,1,67.71/-38.08
033055,33,55,1,68.23/-38.09
033056,33,56,1,68.75/-39.85
033057,33,57,1,69.27/-39.91
033058,33,58,1,69.79/-41.82
033059,33,59,1,70.31/-41.93
033060,33,60,1,70.83/-44
034018,34,18,0,49.01/-21.05
034019,34,19,0,49.53/-20.8
034020,34,20,0,50.05/-21.51
034021,34,21,0,50.57/-21.26
034022,34,22,0,51.09/-21.99
034023,34,23,0,51.6/-21.74
034024,34,24,7,52.12/-22.5
034025,34,25,7,52.64/-22.26
034026,34,26,7,53.16/-23.04
034027,34,27,7,53.68/-22.81
034028,34,28,7,54.2/-23.62
034029,34,29,7,54.72/-23.39
034030,34,30,7,55.24/-24.24
034031,34,31,7,55.76/-24.01
034032,34,32,7,56.28/-24.89
034033,34,33,7,56.8/-24.67
034034,34,34,4,57.32/-25.6
034035,34,35,7,57.84/-25.38
034036,34,36,7,58.36/-26.35
034037,34,37,7,58.88/-26.14
034038,34,38,7,59.4/-27.16
034039,34,39,7,59.92/-26.96
034040,34,40,7,60.44/-28.02
034041,34,41,7,60.96/-27.84
034042,34,42,7,61.48/-28.96
034043,34,43,7,62/-28.78
034044,34,44,7,62.52/-29.97
034045,34,45,7,63.04/-29.81
034046,34,46,7,63.56/-31.06
034047,34,47,0,64.08/-30.92
034048,34,48,4,64.6/-32.24
034049,34,49,0,65.11/-32.13
034050,34,50,0,65.63/-33.53
034051,34,51,0,66.15/-33.44
034052,34,52,0,66.67/-34.94
034053,34,53,0,67.19/-34.88
034054,34,54,1,67.71/-36.49
034055,34,55,1,68.23/-36.46
034056,34,56,1,68.75/-38.19
034057,34,57,1,69.27/-38.21
034058,34,58,1,69.79/-40.08
034059,34,59,1,70.31/-40.15
034060,34,60,1,70.83/-42.17
034061,34,61,1,71.35/-42.3
034062,34,62,1,71.87/-44.51
035016,35,16,3,47.97/-19.73
035017,35,17,0,48.49/-19.47
035018,35,18,3,49.01/-20.14
035019,35,19,3,49.53/-19.88
035020,35,20,0,50.05/-20.57
035021,35,21,0,50.57/-20.31
035022,35,22,0,51.09/-21.03
035023,35,23,0,51.6/-20.78
035024,35,24,7,52.12/-21.52
035025,35,25,7,52.64/-21.27
035026,35,26,7,53.16/-22.04
035027,35,27,7,53.68/-21.79
035028,35,28,7,54.2/-22.59
035029,35,29,7,54.72/-22.35
035030,35,30,7,55.24/-23.18
035031,35,31,7,55.76/-22.94
035032,35,32,7,56.28/-23.81
035033,35,33,7,56.8/-23.58
035034,35,34,4,57.32/-24.48
035035,35,35,4,57.84/-24.25
035036,35,36,7,58.36/-25.2
035037,35,37,0,58.88/-24.98
035038,35,38,7,59.4/-25.97
035039,35,39,7,59.92/-25.76
035040,35,40,7,60.44/-26.8
035041,35,41,7,60.96/-26.6
035042,35,42,7,61.48/-27.7
035043,35,43,7,62/-27.5
035044,35,44,7,62.52/-28.66
035045,35,45,7,63.04/-28.48
035046,35,46,7,63.56/-29.71
035047,35,47,0,64.08/-29.54
035048,35,48,4,64.6/-30.84
035049,35,49,4,65.11/-30.7
035050,35,50,0,65.63/-32.08
035051,35,51,0,66.15/-31.96
035052,35,52,0,66.67/-33.42
035053,35,53,0,67.19/-33.33
035054,35,54,1,67.71/-34.9
035055,35,55,1,68.23/-34.84
035056,35,56,1,68.75/-36.53
035057,35,57,1,69.27/-36.51
035058,35,58,1,69.79/-38.34
035059,35,59,1,70.31/-38.36
035060,35,60,1,70.83/-40.34
035061,35,61,1,71.35/-40.42
035062,35,62,1,71.87/-42.58
035063,35,63,1,72.39/-42.73
035064,35,64,1,72.91/-45.09
036014,36,14,3,46.93/-18.46
036015,36,15,3,47.45/-18.19
036016,36,16,3,47.97/-18.83
036017,36,17,0,48.49/-18.56
036018,36,18,3,49.01/-19.22
036019,36,19,3,49.53/-18.95
036020,36,20,3,50.05/-19.64
036021,36,21,3,50.57/-19.37
036022,36,22,0,51.09/-20.08
036023,36,23,0,51.6/-19.81
036024,36,24,7,52.12/-20.54
036025,36,25,7,52.64/-20.28
036026,36,26,7,53.16/-21.04
036027,36,27,7,53.68/-20.78
036028,36,28,7,54.2/-21.57
036029,36,29,7,54.72/-21.31
036030,36,30,7,55.24/-22.13
036031,36,31,7,55.76/-21.88
036032,36,32,7,56.28/-22.73
036033,36,33,7,56.8/-22.48
036034,36,34,7,57.32/-23.37
036035,36,35,4,57.84/-23.13
036036,36,36,7,58.36/-24.06
036037,36,37,0,58.88/-23.82
036038,36,38,0,59.4/-24.79
036039,36,39,7,59.92/-24.56
036040,36,40,7,60.44/-25.59
036041,36,41,7,60.96/-25.36
036042,36,42,7,61.48/-26.44
036043,36,43,7,62/-26.23
036044,36,44,7,62.52/-27.36
036045,36,45,7,63.04/-27.16
036046,36,46,7,63.56/-28.36
036047,36,47,0,64.08/-28.17
036048,36,48,0,64.6/-29.44
036049,36,49,4,65.11/-29.27
036050,36,50,0,65.63/-30.62
036051,36,51,0,66.15/-30.47
036052,36,52,0,66.67/-31.91
036053,36,53,0,67.19/-31.78
036054,36,54,1,67.71/-33.32
036055,36,55,0,68.23/-33.22
036056,36,56,1,68.75/-34.87
036057,36,57,1,69.27/-34.81
036058,36,58,1,69.79/-36.59
036059,36,59,1,70.31/-36.58
036060,36,60,1,70.83/-38.5
036061,36,61,1,71.35/-38.54
036062,36,62,1,71.87/-40.64
036063,36,63,1,72.39/-40.75
036064,36,64,1,72.91/-43.04
036065,36,65,1,73.43/-43.23
036066,36,66,1,73.95/-45.76
037012,37,12,3,45.89/-17.25
037013,37,13,3,46.41/-16.97
037014,37,14,3,46.93/-17.58
037015,37,15,3,47.45/-17.3
037016,37,16,3,47.97/-17.93
037017,37,17,0,48.49/-17.66
037018,37,18,3,49.01/-18.31
037019,37,19,3,49.53/-18.03
037020,37,20,3,50.05/-18.7
037021,37,21,3,50.57/-18.42
037022,37,22,3,51.09/-19.12
037023,37,23,3,51.6/-18.84
037024,37,24,7,52.12/-19.57
037025,37,25,7,52.64/-19.29
037026,37,26,7,53.16/-20.04
037027,37,27,7,53.68/-19.76
037028,37,28,7,54.2/-20.54
037029,37,29,7,54.72/-20.27
037030,37,30,7,55.24/-21.08
037031,37,31,7,55.76/-20.81
037032,37,32,7,56.28/-21.65
037033,37,33,7,56.8/-21.38
037034,37,34,7,57.32/-22.26
037035,37,35,7,57.84/-22
037036,37,36,0,58.36/-22.91
037037,37,37,0,58.88/-22.66
037038,37,38,0,59.4/-23.61
037039,37,39,0,59.92/-23.36
037040,37,40,4,60.44/-24.37
037041,37,41,4,60.96/-24.13
037042,37,42,7,61.48/-25.18
037043,37,43,7,62/-24.95
037044,37,44,7,62.52/-26.06
037045,37,45,0,63.04/-25.83
037046,37,46,0,63.56/-27.01
037047,37,47,0,64.08/-26.8
037048,37,48,0,64.6/-28.04
037049,37,49,4,65.11/-27.84
037050,37,50,0,65.63/-29.16
037051,37,51,0,66.15/-28.98
037052,37,52,0,66.67/-30.39
037053,37,53,0,67.19/-30.23
037054,37,54,0,67.71/-31.73
037055,37,55,0,68.23/-31.6
037056,37,56,1,68.75/-33.21
037057,37,57,1,69.27/-33.12
037058,37,58,1,69.79/-34.85
037059,37,59,1,70.31/-34.79
037060,37,60,1,70.83/-36.67
037061,37,61,1,71.35/-36.66
037062,37,62,1,71.87/-38.7
037063,37,63,1,72.39/-38.76
037064,37,64,1,72.91/-40.99
037065,37,65,1,73.43/-41.12
037066,37,66,1,73.95/-43.58
038010,38,10,3,44.85/-16.09
038011,38,11,3,45.37/-15.8
038012,38,12,3,45.89/-16.39
038013,38,13,3,46.41/-16.1
038014,38,14,3,46.93/-16.7
038015,38,15,3,47.45/-16.42
038016,38,16,3,47.97/-17.04
038017,38,17,0,48.49/-16.75
038018,38,18,0,49.01/-17.39
038019,38,19,0,49.53/-17.1
038020,38,20,3,50.05/-17.77
038021,38,21,3,50.57/-17.48
038022,38,22,3,51.09/-18.17
038023,38,23,3,51.6/-17.88
038024,38,24,3,52.12/-18.59
038025,38,25,3,52.64/-18.3
038026,38,26,7,53.16/-19.04
038027,38,27,7,53.68/-18.75
038028,38,28,7,54.2/-19.51
038029,38,29,7,54.72/-19.23
038030,38,30,7,55.24/-20.02
038031,38,31,7,55.76/-19.74
038032,38,32,7,56.28/-20.56
038033,38,33,7,56.8/-20.29
038034,38,34,7,57.32/-21.15
038035,38,35,0,57.84/-20.87
038036,38,36,4,58.36/-21.77
038037,38,37,0,58.88/-21.49
038038,38,38,0,59.4/-22.43
038039,38,39,0,59.92/-22.17
038040,38,40,0,60.44/-23.15
038041,38,41,7,60.96/-22.89
038042,38,42,4,61.48/-23.92
038043,38,43,7,62/-23.67
038044,38,44,7,62.52/-24.75
038045,38,45,0,63.04/-24.51
038046,38,46,0,63.56/-25.66
038047,38,47,0,64.08/-25.42
038048,38,48,0,64.6/-26.64
038049,38,49,0,65.11/-26.41
038050,38,50,4,65.63/-27.7
038051,38,51,0,66.15/-27.5
038052,38,52,0,66.67/-28.87
038053,38,53,0,67.19/-28.68
038054,38,54,0,67.71/-30.14
038055,38,55,0,68.23/-29.98
038056,38,56,1,68.75/-31.55
038057,38,57,0,69.27/-31.42
038058,38,58,1,69.79/-33.11
038059,38,59,1,70.31/-33.01
038060,38,60,1,70.83/-34.84
038061,38,61,1,71.35/-34.78
038062,38,62,1,71.87/-36.77
038063,38,63,1,72.39/-36.77
038064,38,64,1,72.91/-38.94
038065,38,65,1,73.43/-39.01
038066,38,66,1,73.95/-41.4
038067,38,67,1,74.47/-41.56
038068,38,68,1,74.99/-44.21
039008,39,8,0,43.81/-14.97
039009,39,9,3,44.33/-14.68
039010,39,10,3,44.85/-15.24
039011,39,11,3,45.37/-14.95
039012,39,12,3,45.89/-15.52
039013,39,13,3,46.41/-15.23
039014,39,14,3,46.93/-15.82
039015,39,15,3,47.45/-15.53
039016,39,16,3,47.97/-16.14
039017,39,17,0,48.49/-15.84
039018,39,18,0,49.01/-16.48
039019,39,19,0,49.53/-16.18
039020,39,20,0,50.05/-16.83
039021,39,21,0,50.57/-16.54
039022,39,22,3,51.09/-17.21
039023,39,23,3,51.6/-16.91
039024,39,24,3,52.12/-17.61
039025,39,25,3,52.64/-17.31
039026,39,26,3,53.16/-18.03
039027,39,27,3,53.68/-17.74
039028,39,28,7,54.2/-18.49
039029,39,29,7,54.72/-18.19
039030,39,30,7,55.24/-18.97
039031,39,31,7,55.76/-18.67
039032,39,32,7,56.28/-19.48
039033,39,33,7,56.8/-19.19
039034,39,34,0,57.32/-20.03
039035,39,35,0,57.84/-19.74
039036,39,36,4,58.36/-20.62
039037,39,37,0,58.88/-20.33
039038,39,38,0,59.4/-21.25
039039,39,39,0,59.92/-20.97
039040,39,40,0,60.44/-21.93
039041,39,41,0,60.96/-21.65
039042,39,42,4,61.48/-22.66
039043,39,43,4,62/-22.39
039044,39,44,4,62.52/-23.45
039045,39,45,4,63.04/-23.18
039046,39,46,4,63.56/-24.31
039047,39,47,4,64.08/-24.05
039048,39,48,4,64.6/-25.23
039049,39,49,0,65.11/-24.99
039050,39,50,4,65.63/-26.24
039051,39,51,4,66.15/-26.01
039052,39,52,0,66.67/-27.35
039053,39,53,0,67.19/-27.13
039054,39,54,0,67.71/-28.56
039055,39,55,0,68.23/-28.36
039056,39,56,1,68.75/-29.89
039057,39,57,0,69.27/-29.72
039058,39,58,1,69.79/-31.36
039059,39,59,1,70.31/-31.23
039060,39,60,1,70.83/-33
039061,39,61,1,71.35/-32.9
039062,39,62,1,71.87/-34.83
039063,39,63,1,72.39/-34.78
039064,39,64,1,72.91/-36.89
039065,39,65,1,73.43/-36.9
039066,39,66,1,73.95/-39.22
039067,39,67,1,74.47/-39.31
039068,39,68,1,74.99/-41.88
039069,39,69,1,75.51/-42.07
039070,39,70,1,76.03/-44.95
040006,40,6,0,42.77/-13.9
040007,40,7,0,43.29/-13.6
040008,40,8,0,43.81/-14.14
040009,40,9,3,44.33/-13.84
040010,40,10,3,44.85/-14.39
040011,40,11,3,45.37/-14.09
040012,40,12,3,45.89/-14.66
040013,40,13,3,46.41/-14.36
040014,40,14,3,46.93/-14.94
040015,40,15,3,47.45/-14.64
040016,40,16,3,47.97/-15.24
040017,40,17,0,48.49/-14.94
040018,40,18,0,49.01/-15.56
040019,40,19,0,49.53/-15.26
040020,40,20,0,50.05/-15.9
040021,40,21,0,50.57/-15.59
040022,40,22,0,51.09/-16.25
040023,40,23,0,51.6/-15.95
040024,40,24,3,52.12/-16.63
040025,40,25,3,52.64/-16.32
040026,40,26,3,53.16/-17.03
040027,40,27,3,53.68/-16.72
040028,40,28,3,54.2/-17.46
040029,40,29,3,54.72/-17.15
040030,40,30,7,55.24/-17.91
040031,40,31,7,55.76/-17.61
040032,40,32,7,56.28/-18.4
040033,40,33,7,56.8/-18.09
040034,40,34,0,57.32/-18.92
040035,40,35,0,57.84/-18.61
040036,40,36,4,58.36/-19.48
040037,40,37,4,58.88/-19.17
040038,40,38,0,59.4/-20.07
040039,40,39,0,59.92/-19.77
040040,40,40,0,60.44/-20.71
040041,40,41,0,60.96/-20.41
040042,40,42,0,61.48/-21.4
040043,40,43,0,62/-21.11
040044,40,44,0,62.52/-22.15
040045,40,45,0,63.04/-21.86
040046,40,46,0,63.56/-22.96
040047,40,47,0,64.08/-22.67
040048,40,48,0,64.6/-23.83
040049,40,49,0,65.11/-23.56
040050,40,50,0,65.63/-24.79
040051,40,51,0,66.15/-24.52
040052,40,52,4,66.67/-25.83
040053,40,53,4,67.19/-25.58
040054,40,54,0,67.71/-26.97
040055,40,55,0,68.23/-26.74
040056,40,56,0,68.75/-28.23
040057,40,57,0,69.27/-28.02
040058,40,58,1,69.79/-29.62
040059,40,59,1,70.31/-29.44
040060,40,60,1,70.83/-31.17
040061,40,61,1,71.35/-31.02
040062,40,62,1,71.87/-32.9
040063,40,63,1,72.39/-32.79
040064,40,64,1,72.91/-34.84
040065,40,65,1,73.43/-34.79
040066,40,66,1,73.95/-37.04
040067,40,67,1,74.47/-37.07
040068,40,68,1,74.99/-39.56
040069,40,69,1,75.51/-39.67
040070,40,70,1,76.03/-42.45
040071,40,71,1,76.55/-42.68
040072,40,72,1,77.07/-45.81
041004,41,4,0,41.73/-12.87
041005,41,5,0,42.25/-12.56
041006,41,6,0,42.77/-13.08
041007,41,7,0,43.29/-12.78
041008,41,8,0,43.81/-13.31
041009,41,9,3,44.33/-13
041010,41,10,3,44.85/-13.55
041011,41,11,3,45.37/-13.24
041012,41,12,3,45.89/-13.8
041013,41,13,3,46.41/-13.49
041014,41,14,3,46.93/-14.07
041015,41,15,3,47.45/-13.75
041016,41,16,3,47.97/-14.35
041017,41,17,0,48.49/-14.03
041018,41,18,0,49.01/-14.65
041019,41,19,0,49.53/-14.33
041020,41,20,0,50.05/-14.96
041021,41,21,0,50.57/-14.65
041022,41,22,0,51.09/-15.3
041023,41,23,0,51.6/-14.98
041024,41,24,0,52.12/-15.65
041025,41,25,7,52.64/-15.33
041026,41,26,3,53.16/-16.03
041027,41,27,3,53.68/-15.71
041028,41,28,3,54.2/-16.43
041029,41,29,3,54.72/-16.11
041030,41,30,3,55.24/-16.86
041031,41,31,3,55.76/-16.54
041032,41,32,7,56.28/-17.32
041033,41,33,7,56.8/-17
041034,41,34,0,57.32/-17.81
041035,41,35,0,57.84/-17.49
041036,41,36,0,58.36/-18.33
041037,41,37,4,58.88/-18.01
041038,41,38,0,59.4/-18.89
041039,41,39,0,59.92/-18.57
041040,41,40,0,60.44/-19.49
041041,41,41,0,60.96/-19.18
041042,41,42,0,61.48/-20.14
041043,41,43,0,62/-19.83
041044,41,44,0,62.52/-20.85
041045,41,45,0,63.04/-20.53
041046,41,46,0,63.56/-21.6
041047,41,47,0,64.08/-21.3
041048,41,48,0,64.6/-22.43
041049,41,49,1,65.11/-22.13
041050,41,50,0,65.63/-23.33
041051,41,51,1,66.15/-23.04
041052,41,52,0,66.67/-24.31
041053,41,53,4,67.19/-24.03
041054,41,54,0,67.71/-25.38
041055,41,55,0,68.23/-25.12
041056,41,56,0,68.75/-26.57
041057,41,57,0,69.27/-26.32
041058,41,58,1,69.79/-27.88
041059,41,59,1,70.31/-27.66
041060,41,60,1,70.83/-29.34
041061,41,61,1,71.35/-29.14
041062,41,62,1,71.87/-30.96
041063,41,63,1,72.39/-30.81
041064,41,64,1,72.91/-32.79
041065,41,65,1,73.43/-32.69
041066,41,66,1,73.95/-34.86
041067,41,67,1,74.47/-34.82
041068,41,68,1,74.99/-37.23
041069,41,69,1,75.51/-37.26
041070,41,70,1,76.03/-39.95
041071,41,71,1,76.55/-40.09
041072,41,72,1,77.07/-43.12
042002,42,2,0,40.69/-11.87
042003,42,3,0,41.21/-11.56
042004,42,4,0,41.73/-12.06
042005,42,5,0,42.25/-11.75
042006,42,6,0,42.77/-12.26
042007,42,7,0,43.29/-11.95
042008,42,8,0,43.81/-12.48
042009,42,9,3,44.33/-12.16
042010,42,10,3,44.85/-12.7
042011,42,11,3,45.37/-12.38
042012,42,12,3,45.89/-12.94
042013,42,13,3,46.41/-12.62
042014,42,14,3,46.93/-13.19
042015,42,15,3,47.45/-12.87
042016,42,16,3,47.97/-13.45
042017,42,17,0,48.49/-13.13
042018,42,18,0,49.01/-13.73
042019,42,19,0,49.53/-13.41
042020,42,20,0,50.05/-14.03
042021,42,21,0,50.57/-13.7
042022,42,22,0,51.09/-14.34
042023,42,23,0,51.6/-14.01
042024,42,24,0,52.12/-14.67
042025,42,25,0,52.64/-14.34
042026,42,26,7,53.16/-15.03
042027,42,27,7,53.68/-14.7
042028,42,28,3,54.2/-15.41
042029,42,29,3,54.72/-15.07
042030,42,30,3,55.24/-15.81
042031,42,31,3,55.76/-15.47
042032,42,32,3,56.28/-16.24
042033,42,33,3,56.8/-15.9
042034,42,34,0,57.32/-16.69
042035,42,35,0,57.84/-16.36
042036,42,36,0,58.36/-17.18
042037,42,37,0,58.88/-16.85
042038,42,38,4,59.4/-17.71
042039,42,39,0,59.92/-17.37
042040,42,40,0,60.44/-18.28
042041,42,41,0,60.96/-17.94
042042,42,42,0,61.48/-18.88
042043,42,43,0,62/-18.55
042044,42,44,0,62.52/-19.54
042045,42,45,0,63.04/-19.21
042046,42,46,0,63.56/-20.25
042047,42,47,0,64.08/-19.92
042048,42,48,0,64.6/-21.03
042049,42,49,1,65.11/-20.7
042050,42,50,1,65.63/-21.87
042051,42,51,1,66.15/-21.55
042052,42,52,1,66.67/-22.79
042053,42,53,1,67.19/-22.48
042054,42,54,4,67.71/-23.8
042055,42,55,0,68.23/-23.5
042056,42,56,0,68.75/-24.91
042057,42,57,0,69.27/-24.62
042058,42,58,1,69.79/-26.14
042059,42,59,0,70.31/-25.87
042060,42,60,1,70.83/-27.5
042061,42,61,1,71.35/-27.26
042062,42,62,1,71.87/-29.03
042063,42,63,1,72.39/-28.82
042064,42,64,1,72.91/-30.74
042065,42,65,1,73.43/-30.58
042066,42,66,1,73.95/-32.69
042067,42,67,1,74.47/-32.57
042068,42,68,1,74.99/-34.9
042069,42,69,1,75.51/-34.86
042070,42,70,1,76.03/-37.45
042071,42,71,1,76.55/-37.51
042072,42,72,1,77.07/-40.42
042073,42,73,1,77.59/-40.6
042074,42,74,1,78.11/-43.92
043001,43,1,0,40.17/-10.6
043002,43,2,2,40.69/-11.08
043003,43,3,2,41.21/-10.76
043004,43,4,0,41.73/-11.26
043005,43,5,0,42.25/-10.94
043006,43,6,0,42.77/-11.45
043007,43,7,0,43.29/-11.13
043008,43,8,0,43.81/-11.64
043009,43,9,3,44.33/-11.32
043010,43,10,3,44.85/-11.85
043011,43,11,3,45.37/-11.53
043012,43,12,3,45.89/-12.07
043013,43,13,3,46.41/-11.75
043014,43,14,3,46.93/-12.31
043015,43,15,3,47.45/-11.98
043016,43,16,3,47.97/-12.55
043017,43,17,0,48.49/-12.22
043018,43,18,0,49.01/-12.82
043019,43,19,0,49.53/-12.48
043020,43,20,0,50.05/-13.09
043021,43,21,0,50.57/-12.76
043022,43,22,0,51.09/-13.38
043023,43,23,0,51.6/-13.05
043024,43,24,0,52.12/-13.7
043025,43,25,0,52.64/-13.35
043026,43,26,7,53.16/-14.03
043027,43,27,0,53.68/-13.68
043028,43,28,7,54.2/-14.38
043029,43,29,7,54.72/-14.03
043030,43,30,3,55.24/-14.75
043031,43,31,3,55.76/-14.41
043032,43,32,3,56.28/-15.15
043033,43,33,3,56.8/-14.8
043034,43,34,3,57.32/-15.58
043035,43,35,3,57.84/-15.23
043036,43,36,0,58.36/-16.04
043037,43,37,0,58.88/-15.69
043038,43,38,4,59.4/-16.53
043039,43,39,4,59.92/-16.17
043040,43,40,0,60.44/-17.06
043041,43,41,0,60.96/-16.7
043042,43,42,0,61.48/-17.63
043043,43,43,0,62/-17.27
043044,43,44,0,62.52/-18.24
043045,43,45,0,63.04/-17.88
043046,43,46,0,63.56/-18.9
043047,43,47,0,64.08/-18.55
043048,43,48,0,64.6/-19.63
043049,43,49,1,65.11/-19.27
043050,43,50,1,65.63/-20.41
043051,43,51,1,66.15/-20.06
043052,43,52,1,66.67/-21.27
043053,43,53,1,67.19/-20.93
043054,43,54,4,67.71/-22.21
043055,43,55,4,68.23/-21.88
043056,43,56,0,68.75/-23.25
043057,43,57,0,69.27/-22.93
043058,43,58,0,69.79/-24.39
043059,43,59,0,70.31/-24.09
043060,43,60,1,70.83/-25.67
043061,43,61,1,71.35/-25.38
043062,43,62,1,71.87/-27.09
043063,43,63,1,72.39/-26.83
043064,43,64,1,72.91/-28.69
043065,43,65,1,73.43/-28.47
043066,43,66,1,73.95/-30.51
043067,43,67,1,74.47/-30.33
043068,43,68,1,74.99/-32.57
043069,43,69,1,75.51/-32.46
043070,43,70,1,76.03/-34.96
043071,43,71,1,76.55/-34.92
043072,43,72,1,77.07/-37.73
043073,43,73,1,77.59/-37.8
043074,43,74,1,78.11/-40.99
043075,43,75,1,78.62/-41.22
043076,43,76,1,79.14/-44.89
044001,44,1,1,40.17/-9.81
044002,44,2,2,40.69/-10.29
044003,44,3,2,41.21/-9.97
044004,44,4,2,41.73/-10.45
044005,44,5,2,42.25/-10.13
044006,44,6,0,42.77/-10.63
044007,44,7,2,43.29/-10.3
044008,44,8,0,43.81/-10.81
044009,44,9,3,44.33/-10.48
044010,44,10,3,44.85/-11.01
044011,44,11,3,45.37/-10.68
044012,44,12,3,45.89/-11.21
044013,44,13,3,46.41/-10.88
044014,44,14,3,46.93/-11.43
044015,44,15,3,47.45/-11.09
044016,44,16,3,47.97/-11.66
044017,44,17,0,48.49/-11.32
044018,44,18,0,49.01/-11.9
044019,44,19,0,49.53/-11.56
044020,44,20,0,50.05/-12.16
044021,44,21,2,50.57/-11.81
044022,44,22,0,51.09/-12.43
044023,44,23,2,51.6/-12.08
044024,44,24,0,52.12/-12.72
044025,44,25,2,52.64/-12.37
044026,44,26,0,53.16/-13.02
044027,44,27,2,53.68/-12.67
044028,44,28,0,54.2/-13.35
044029,44,29,7,54.72/-12.99
044030,44,30,7,55.24/-13.7
044031,44,31,7,55.76/-13.34
044032,44,32,3,56.28/-14.07
044033,44,33,3,56.8/-13.71
044034,44,34,3,57.32/-14.47
044035,44,35,3,57.84/-14.1
044036,44,36,3,58.36/-14.89
044037,44,37,3,58.88/-14.52
044038,44,38,0,59.4/-15.35
044039,44,39,4,59.92/-14.98
044040,44,40,0,60.44/-15.84
044041,44,41,0,60.96/-15.46
044042,44,42,0,61.48/-16.37
044043,44,43,0,62/-15.99
044044,44,44,0,62.52/-16.94
044045,44,45,0,63.04/-16.56
044046,44,46,0,63.56/-17.55
044047,44,47,0,64.08/-17.18
044048,44,48,0,64.6/-18.22
044049,44,49,1,65.11/-17.85
044050,44,50,1,65.63/-18.95
044051,44,51,1,66.15/-18.58
044052,44,52,0,66.67/-19.75
044053,44,53,1,67.19/-19.38
044054,44,54,0,67.71/-20.62
044055,44,55,0,68.23/-20.26
044056,44,56,4,68.75/-21.59
044057,44,57,7,69.27/-21.23
044058,44,58,0,69.79/-22.65
044059,44,59,0,70.31/-22.3
044060,44,60,1,70.83/-23.83
044061,44,61,0,71.35/-23.5
044062,44,62,1,71.87/-25.16
044063,44,63,1,72.39/-24.84
044064,44,64,1,72.91/-26.64
044065,44,65,1,73.43/-26.36
044066,44,66,1,73.95/-28.33
044067,44,67,1,74.47/-28.08
044068,44,68,1,74.99/-30.25
044069,44,69,1,75.51/-30.05
044070,44,70,1,76.03/-32.46
044071,44,71,1,76.55/-32.33
044072,44,72,1,77.07/-35.03
044073,44,73,1,77.59/-35
044074,44,74,1,78.11/-38.06
044075,44,75,1,78.62/-38.16
044076,44,76,1,79.14/-41.68
045001,45,1,1,40.17/-9.03
045002,45,2,0,40.69/-9.5
045003,45,3,1,41.21/-9.17
045004,45,4,2,41.73/-9.65
045005,45,5,2,42.25/-9.32
045006,45,6,0,42.77/-9.81
045007,45,7,2,43.29/-9.48
045008,45,8,0,43.81/-9.98
045009,45,9,3,44.33/-9.65
045010,45,10,3,44.85/-10.16
045011,45,11,3,45.37/-9.82
045012,45,12,3,45.89/-10.35
045013,45,13,3,46.41/-10.01
045014,45,14,3,46.93/-10.55
045015,45,15,3,47.45/-10.2
045016,45,16,3,47.97/-10.76
045017,45,17,0,48.49/-10.41
045018,45,18,0,49.01/-10.98
045019,45,19,0,49.53/-10.63
045020,45,20,2,50.05/-11.22
045021,45,21,2,50.57/-10.87
045022,45,22,2,51.09/-11.47
045023,45,23,2,51.6/-11.11
045024,45,24,2,52.12/-11.74
045025,45,25,2,52.64/-11.38
045026,45,26,2,53.16/-12.02
045027,45,27,2,53.68/-11.66
045028,45,28,0,54.2/-12.32
045029,45,29,0,54.72/-11.95
045030,45,30,0,55.24/-12.65
045031,45,31,0,55.76/-12.27
045032,45,32,0,56.28/-12.99
045033,45,33,0,56.8/-12.61
045034,45,34,3,57.32/-13.35
045035,45,35,3,57.84/-12.97
045036,45,36,3,58.36/-13.75
045037,45,37,3,58.88/-13.36
045038,45,38,3,59.4/-14.17
045039,45,39,3,59.92/-13.78
045040,45,40,4,60.44/-14.62
045041,45,41,0,60.96/-14.23
045042,45,42,0,61.48/-15.11
045043,45,43,0,62/-14.71
045044,45,44,0,62.52/-15.63
045045,45,45,0,63.04/-15.24
045046,45,46,0,63.56/-16.2
045047,45,47,0,64.08/-15.8
045048,45,48,0,64.6/-16.82
045049,45,49,0,65.11/-16.42
045050,45,50,1,65.63/-17.5
045051,45,51,1,66.15/-17.09
045052,45,52,1,66.67/-18.23
045053,45,53,1,67.19/-17.83
045054,45,54,0,67.71/-19.04
045055,45,55,0,68.23/-18.64
045056,45,56,4,68.75/-19.93
045057,45,57,4,69.27/-19.53
045058,45,58,0,69.79/-20.91
045059,45,59,7,70.31/-20.52
045060,45,60,4,70.83/-22
045061,45,61,0,71.35/-21.62
045062,45,62,1,71.87/-23.22
045063,45,63,0,72.39/-22.86
045064,45,64,1,72.91/-24.59
045065,45,65,0,73.43/-24.25
045066,45,66,1,73.95/-26.15
045067,45,67,1,74.47/-25.83
045068,45,68,1,74.99/-27.92
045069,45,69,1,75.51/-27.65
045070,45,70,1,76.03/-29.96
045071,45,71,1,76.55/-29.75
045072,45,72,1,77.07/-32.34
045073,45,73,1,77.59/-32.2
045074,45,74,1,78.11/-35.13
045075,45,75,1,78.62/-35.11
045076,45,76,1,79.14/-38.47
046001,46,1,1,40.17/-8.24
046002,46,2,1,40.69/-8.71
046003,46,3,1,41.21/-8.37
046004,46,4,1,41.73/-8.85
046005,46,5,1,42.25/-8.51
046006,46,6,2,42.77/-8.99
046007,46,7,1,43.29/-8.65
046008,46,8,0,43.81/-9.15
046009,46,9,2,44.33/-8.81
046010,46,10,2,44.85/-9.31
046011,46,11,3,45.37/-8.97
046012,46,12,2,45.89/-9.49
046013,46,13,3,46.41/-9.14
046014,46,14,3,46.93/-9.67
046015,46,15,2,47.45/-9.32
046016,46,16,3,47.97/-9.86
046017,46,17,0,48.49/-9.51
046018,46,18,0,49.01/-10.07
046019,46,19,0,49.53/-9.71
046020,46,20,2,50.05/-10.29
046021,46,21,0,50.57/-9.92
046022,46,22,2,51.09/-10.52
046023,46,23,0,51.6/-10.15
046024,46,24,2,52.12/-10.76
046025,46,25,0,52.64/-10.39
046026,46,26,2,53.16/-11.02
046027,46,27,1,53.68/-10.64
046028,46,28,0,54.2/-11.3
046029,46,29,1,54.72/-10.91
046030,46,30,0,55.24/-11.59
046031,46,31,0,55.76/-11.2
046032,46,32,0,56.28/-11.91
046033,46,33,0,56.8/-11.51
046034,46,34,0,57.32/-12.24
046035,46,35,0,57.84/-11.84
046036,46,36,3,58.36/-12.6
046037,46,37,3,58.88/-12.2
046038,46,38,3,59.4/-12.99
046039,46,39,3,59.92/-12.58
046040,46,40,3,60.44/-13.4
046041,46,41,3,60.96/-12.99
046042,46,42,0,61.48/-13.85
046043,46,43,0,62/-13.43
046044,46,44,0,62.52/-14.33
046045,46,45,0,63.04/-13.91
046046,46,46,0,63.56/-14.85
046047,46,47,0,64.08/-14.43
046048,46,48,0,64.6/-15.42
046049,46,49,0,65.11/-14.99
046050,46,50,1,65.63/-16.04
046051,46,51,1,66.15/-15.61
046052,46,52,1,66.67/-16.71
046053,46,53,7,67.19/-16.28
046054,46,54,0,67.71/-17.45
046055,46,55,7,68.23/-17.02
046056,46,56,7,68.75/-18.27
046057,46,57,4,69.27/-17.83
046058,46,58,7,69.79/-19.17
046059,46,59,7,70.31/-18.73
046060,46,60,7,70.83/-20.17
046061,46,61,7,71.35/-19.74
046062,46,62,7,71.87/-21.29
046063,46,63,7,72.39/-20.87
046064,46,64,1,72.91/-22.54
046065,46,65,0,73.43/-22.14
046066,46,66,0,73.95/-23.97
046067,46,67,0,74.47/-23.59
046068,46,68,1,74.99/-25.59
046069,46,69,1,75.51/-25.24
046070,46,70,1,76.03/-27.46
046071,46,71,1,76.55/-27.16
046072,46,72,1,77.07/-29.64
046073,46,73,1,77.59/-29.4
046074,46,74,1,78.11/-32.2
046075,46,75,1,78.62/-32.06
046076,46,76,1,79.14/-35.27
047001,47,1,1,40.17/-7.46
047002,47,2,1,40.69/-7.91
047003,47,3,1,41.21/-7.58
047004,47,4,1,41.73/-8.04
047005,47,5,1,42.25/-7.7
047006,47,6,2,42.77/-8.18
047007,47,7,1,43.29/-7.83
047008,47,8,1,43.81/-8.32
047009,47,9,2,44.33/-7.97
047010,47,10,2,44.85/-8.47
047011,47,11,2,45.37/-8.11
047012,47,12,2,45.89/-8.62
047013,47,13,2,46.41/-8.27
047014,47,14,2,46.93/-8.79
047015,47,15,2,47.45/-8.43
047016,47,16,2,47.97/-8.97
047017,47,17,2,48.49/-8.6
047018,47,18,0,49.01/-9.15
047019,47,19,0,49.53/-8.78
047020,47,20,0,50.05/-9.35
047021,47,21,0,50.57/-8.98
047022,47,22,0,51.09/-9.56
047023,47,23,0,51.6/-9.18
047024,47,24,0,52.12/-9.78
047025,47,25,0,52.64/-9.4
047026,47,26,1,53.16/-10.02
047027,47,27,1,53.68/-9.63
047028,47,28,0,54.2/-10.27
047029,47,29,1,54.72/-9.87
047030,47,30,0,55.24/-10.54
047031,47,31,0,55.76/-10.14
047032,47,32,0,56.28/-10.82
047033,47,33,0,56.8/-10.42
047034,47,34,0,57.32/-11.13
047035,47,35,0,57.84/-10.72
047036,47,36,0,58.36/-11.46
047037,47,37,0,58.88/-11.04
047038,47,38,3,59.4/-11.81
047039,47,39,3,59.92/-11.38
047040,47,40,3,60.44/-12.18
047041,47,41,3,60.96/-11.75
047042,47,42,3,61.48/-12.59
047043,47,43,3,62/-12.15
047044,47,44,0,62.52/-13.03
047045,47,45,0,63.04/-12.59
047046,47,46,0,63.56/-13.5
047047,47,47,0,64.08/-13.05
047048,47,48,0,64.6/-14.02
047049,47,49,0,65.11/-13.56
047050,47,50,0,65.63/-14.58
047051,47,51,0,66.15/-14.12
047052,47,52,1,66.67/-15.19
047053,47,53,7,67.19/-14.73
047054,47,54,7,67.71/-15.86
047055,47,55,7,68.23/-15.4
047056,47,56,7,68.75/-16.6
047057,47,57,7,69.27/-16.13
047058,47,58,7,69.79/-17.42
047059,47,59,7,70.31/-16.95
047060,47,60,7,70.83/-18.33
047061,47,61,7,71.35/-17.86
047062,47,62,7,71.87/-19.35
047063,47,63,7,72.39/-18.88
047064,47,64,7,72.91/-20.49
047065,47,65,0,73.43/-20.03
047066,47,66,0,73.95/-21.79
047067,47,67,0,74.47/-21.34
047068,47,68,1,74.99/-23.27
047069,47,69,0,75.51/-22.84
047070,47,70,1,76.03/-24.97
047071,47,71,1,76.55/-24.57
047072,47,72,1,77.07/-26.95
047073,47,73,1,77.59/-26.6
047074,47,74,1,78.11/-29.28
047075,47,75,1,78.62/-29
047076,47,76,1,79.14/-32.06
048001,48,1,1,40.17/-6.67
048002,48,2,1,40.69/-7.12
048003,48,3,1,41.21/-6.78
048004,48,4,1,41.73/-7.24
048005,48,5,1,42.25/-6.89
048006,48,6,1,42.77/-7.36
048007,48,7,1,43.29/-7.01
048008,48,8,1,43.81/-7.49
048009,48,9,1,44.33/-7.13
048010,48,10,3,44.85/-7.62
048011,48,11,2,45.37/-7.26
048012,48,12,3,45.89/-7.76
048013,48,13,2,46.41/-7.4
048014,48,14,2,46.93/-7.91
048015,48,15,0,47.45/-7.54
048016,48,16,2,47.97/-8.07
048017,48,17,2,48.49/-7.7
048018,48,18,0,49.01/-8.24
048019,48,19,0,49.53/-7.86
048020,48,20,0,50.05/-8.42
048021,48,21,0,50.57/-8.03
048022,48,22,0,51.09/-8.6
048023,48,23,0,51.6/-8.21
048024,48,24,0,52.12/-8.8
048025,48,25,0,52.64/-8.41
048026,48,26,1,53.16/-9.02
048027,48,27,1,53.68/-8.62
048028,48,28,1,54.2/-9.24
048029,48,29,1,54.72/-8.84
048030,48,30,1,55.24/-9.48
048031,48,31,1,55.76/-9.07
048032,48,32,0,56.28/-9.74
048033,48,33,0,56.8/-9.32
048034,48,34,0,57.32/-10.02
048035,48,35,0,57.84/-9.59
048036,48,36,0,58.36/-10.31
048037,48,37,0,58.88/-9.88
048038,48,38,0,59.4/-10.63
048039,48,39,0,59.92/-10.18
048040,48,40,3,60.44/-10.96
048041,48,41,3,60.96/-10.52
048042,48,42,3,61.48/-11.33
048043,48,43,3,62/-10.87
048044,48,44,3,62.52/-11.72
048045,48,45,3,63.04/-11.26
048046,48,46,0,63.56/-12.15
048047,48,47,0,64.08/-11.68
048048,48,48,4,64.6/-12.62
048049,48,49,0,65.11/-12.14
048050,48,50,0,65.63/-13.12
048051,48,51,0,66.15/-12.63
048052,48,52,0,66.67/-13.67
048053,48,53,0,67.19/-13.18
048054,48,54,7,67.71/-14.28
048055,48,55,7,68.23/-13.77
048056,48,56,7,68.75/-14.94
048057,48,57,7,69.27/-14.43
048058,48,58,7,69.79/-15.68
048059,48,59,7,70.31/-15.17
048060,48,60,7,70.83/-16.5
048061,48,61,7,71.35/-15.98
048062,48,62,7,71.87/-17.42
048063,48,63,7,72.39/-16.89
048064,48,64,7,72.91/-18.44
048065,48,65,0,73.43/-17.92
048066,48,66,0,73.95/-19.61
048067,48,67,0,74.47/-19.09
048068,48,68,1,74.99/-20.94
048069,48,69,0,75.51/-20.43
048070,48,70,1,76.03/-22.47
048071,48,71,0,76.55/-21.99
048072,48,72,1,77.07/-24.25
048073,48,73,1,77.59/-23.8
048074,48,74,1,78.11/-26.35
048075,48,75,1,78.62/-25.95
048076,48,76,1,79.14/-28.85
049001,49,1,1,40.17/-5.89
049002,49,2,1,40.69/-6.33
049003,49,3,1,41.21/-5.98
049004,49,4,1,41.73/-6.43
049005,49,5,1,42.25/-6.08
049006,49,6,1,42.77/-6.54
049007,49,7,1,43.29/-6.18
049008,49,8,1,43.81/-6.65
049009,49,9,1,44.33/-6.29
049010,49,10,0,44.85/-6.77
049011,49,11,0,45.37/-6.41
049012,49,12,0,45.89/-6.9
049013,49,13,0,46.41/-6.53
049014,49,14,0,46.93/-7.03
049015,49,15,0,47.45/-6.65
049016,49,16,0,47.97/-7.17
049017,49,17,2,48.49/-6.79
049018,49,18,2,49.01/-7.32
049019,49,19,2,49.53/-6.93
049020,49,20,0,50.05/-7.48
049021,49,21,0,50.57/-7.09
049022,49,22,0,51.09/-7.65
049023,49,23,2,51.6/-7.25
049024,49,24,0,52.12/-7.83
049025,49,25,0,52.64/-7.42
049026,49,26,0,53.16/-8.01
049027,49,27,1,53.68/-7.6
049028,49,28,1,54.2/-8.22
049029,49,29,1,54.72/-7.8
049030,49,30,1,55.24/-8.43
049031,49,31,1,55.76/-8
049032,49,32,1,56.28/-8.66
049033,49,33,0,56.8/-8.22
049034,49,34,0,57.32/-8.9
049035,49,35,0,57.84/-8.46
049036,49,36,0,58.36/-9.16
049037,49,37,0,58.88/-8.71
049038,49,38,0,59.4/-9.44
049039,49,39,0,59.92/-8.99
049040,49,40,0,60.44/-9.75
049041,49,41,0,60.96/-9.28
049042,49,42,3,61.48/-10.07
049043,49,43,3,62/-9.59
049044,49,44,3,62.52/-10.42
049045,49,45,3,63.04/-9.94
049046,49,46,0,63.56/-10.8
049047,49,47,4,64.08/-10.31
049048,49,48,4,64.6/-11.21
049049,49,49,0,65.11/-10.71
049050,49,50,0,65.63/-11.66
049051,49,51,0,66.15/-11.15
049052,49,52,0,66.67/-12.15
049053,49,53,0,67.19/-11.63
049054,49,54,7,67.71/-12.69
049055,49,55,7,68.23/-12.15
049056,49,56,7,68.75/-13.28
049057,49,57,7,69.27/-12.74
049058,49,58,7,69.79/-13.94
049059,49,59,7,70.31/-13.38
049060,49,60,7,70.83/-14.67
049061,49,61,7,71.35/-14.1
049062,49,62,7,71.87/-15.48
049063,49,63,7,72.39/-14.91
049064,49,64,7,72.91/-16.39
049065,49,65,0,73.43/-15.81
049066,49,66,0,73.95/-17.43
049067,49,67,0,74.47/-16.85
049068,49,68,0,74.99/-18.61
049069,49,69,0,75.51/-18.03
049070,49,70,0,76.03/-19.97
049071,49,71,0,76.55/-19.4
049072,49,72,1,77.07/-21.56
049073,49,73,0,77.59/-21
049074,49,74,1,78.11/-23.42
049075,49,75,1,78.62/-22.9
049076,49,76,1,79.14/-25.65
050001,50,1,1,40.17/-5.1
050002,50,2,1,40.69/-5.54
050003,50,3,1,41.21/-5.18
050004,50,4,1,41.73/-5.63
050005,50,5,1,42.25/-5.27
050006,50,6,1,42.77/-5.72
050007,50,7,1,43.29/-5.36
050008,50,8,1,43.81/-5.82
050009,50,9,1,44.33/-5.45
050010,50,10,0,44.85/-5.93
050011,50,11,0,45.37/-5.55
050012,50,12,0,45.89/-6.04
050013,50,13,0,46.41/-5.66
050014,50,14,0,46.93/-6.15
050015,50,15,0,47.45/-5.77
050016,50,16,0,47.97/-6.28
050017,50,17,2,48.49/-5.89
050018,50,18,2,49.01/-6.41
050019,50,19,2,49.53/-6.01
050020,50,20,0,50.05/-6.55
050021,50,21,2,50.57/-6.14
050022,50,22,2,51.09/-6.69
050023,50,23,2,51.6/-6.28
050024,50,24,0,52.12/-6.85
050025,50,25,0,52.64/-6.43
050026,50,26,0,53.16/-7.01
050027,50,27,0,53.68/-6.59
050028,50,28,1,54.2/-7.19
050029,50,29,0,54.72/-6.76
050030,50,30,1,55.24/-7.38
050031,50,31,0,55.76/-6.94
050032,50,32,1,56.28/-7.58
050033,50,33,0,56.8/-7.13
050034,50,34,0,57.32/-7.79
050035,50,35,0,57.84/-7.33
050036,50,36,0,58.36/-8.02
050037,50,37,0,58.88/-7.55
050038,50,38,0,59.4/-8.26
050039,50,39,0,59.92/-7.79
050040,50,40,0,60.44/-8.53
050041,50,41,0,60.96/-8.04
050042,50,42,0,61.48/-8.81
050043,50,43,0,62/-8.32
050044,50,44,3,62.52/-9.12
050045,50,45,3,63.04/-8.61
050046,50,46,0,63.56/-9.45
050047,50,47,4,64.08/-8.93
050048,50,48,0,64.6/-9.81
050049,50,49,0,65.11/-9.28
050050,50,50,0,65.63/-10.2
050051,50,51,0,66.15/-9.66
050052,50,52,0,66.67/-10.63
050053,50,53,0,67.19/-10.08
050054,50,54,7,67.71/-11.1
050055,50,55,4,68.23/-10.53
050056,50,56,7,68.75/-11.62
050057,50,57,7,69.27/-11.04
050058,50,58,7,69.79/-12.2
050059,50,59,7,70.31/-11.6
050060,50,60,7,70.83/-12.83
050061,50,61,7,71.35/-12.22
050062,50,62,7,71.87/-13.54
050063,50,63,7,72.39/-12.92
050064,50,64,7,72.91/-14.34
050065,50,65,0,73.43/-13.71
050066,50,66,0,73.95/-15.25
050067,50,67,0,74.47/-14.6
050068,50,68,0,74.99/-16.29
050069,50,69,0,75.51/-15.63
050070,50,70,0,76.03/-17.48
050071,50,71,0,76.55/-16.81
050072,50,72,0,77.07/-18.86
050073,50,73,0,77.59/-18.2
050074,50,74,1,78.11/-20.49
050075,50,75,0,78.62/-19.84
050076,50,76,1,79.14/-22.44
051001,51,1,1,40.17/-4.32
051002,51,2,1,40.69/-4.75
051003,51,3,1,41.21/-4.39
051004,51,4,1,41.73/-4.82
051005,51,5,1,42.25/-4.46
051006,51,6,1,42.77/-4.91
051007,51,7,1,43.29/-4.53
051008,51,8,1,43.81/-4.99
051009,51,9,1,44.33/-4.61
051010,51,10,0,44.85/-5.08
051011,51,11,0,45.37/-4.7
051012,51,12,0,45.89/-5.17
051013,51,13,0,46.41/-4.79
051014,51,14,0,46.93/-5.27
051015,51,15,0,47.45/-4.88
051016,51,16,0,47.97/-5.38
051017,51,17,0,48.49/-4.98
051018,51,18,2,49.01/-5.49
051019,51,19,2,49.53/-5.08
051020,51,20,0,50.05/-5.61
051021,51,21,0,50.57/-5.2
051022,51,22,2,51.09/-5.74
051023,51,23,0,51.6/-5.31
051024,51,24,0,52.12/-5.87
051025,51,25,1,52.64/-5.44
051026,51,26,0,53.16/-6.01
051027,51,27,1,53.68/-5.57
051028,51,28,0,54.2/-6.16
051029,51,29,0,54.72/-5.72
051030,51,30,1,55.24/-6.32
051031,51,31,1,55.76/-5.87
051032,51,32,1,56.28/-6.49
051033,51,33,1,56.8/-6.03
051034,51,34,0,57.32/-6.68
051035,51,35,1,57.84/-6.2
051036,51,36,0,58.36/-6.87
051037,51,37,1,58.88/-6.39
051038,51,38,0,59.4/-7.08
051039,51,39,0,59.92/-6.59
051040,51,40,0,60.44/-7.31
051041,51,41,0,60.96/-6.8
051042,51,42,0,61.48/-7.55
051043,51,43,1,62/-7.04
051044,51,44,0,62.52/-7.82
051045,51,45,3,63.04/-7.29
051046,51,46,4,63.56/-8.1
051047,51,47,0,64.08/-7.56
051048,51,48,0,64.6/-8.41
051049,51,49,0,65.11/-7.85
051050,51,50,0,65.63/-8.75
051051,51,51,0,66.15/-8.17
051052,51,52,0,66.67/-9.11
051053,51,53,0,67.19/-8.53
051054,51,54,0,67.71/-9.52
051055,51,55,7,68.23/-8.91
051056,51,56,7,68.75/-9.96
051057,51,57,4,69.27/-9.34
051058,51,58,7,69.79/-10.45
051059,51,59,7,70.31/-9.81
051060,51,60,7,70.83/-11
051061,51,61,7,71.35/-10.34
051062,51,62,7,71.87/-11.61
051063,51,63,7,72.39/-10.93
051064,51,64,7,72.91/-12.3
051065,51,65,0,73.43/-11.6
051066,51,66,0,73.95/-13.07
051067,51,67,0,74.47/-12.35
051068,51,68,0,74.99/-13.96
051069,51,69,0,75.51/-13.22
051070,51,70,0,76.03/-14.98
051071,51,71,0,76.55/-14.22
051072,51,72,0,77.07/-16.17
051073,51,73,0,77.59/-15.4
051074,51,74,0,78.11/-17.56
051075,51,75,0,78.62/-16.79
051076,51,76,1,79.14/-19.23
052001,52,1,1,40.17/-3.53
052002,52,2,1,40.69/-3.96
052003,52,3,1,41.21/-3.59
052004,52,4,1,41.73/-4.02
052005,52,5,1,42.25/-3.65
052006,52,6,1,42.77/-4.09
052007,52,7,1,43.29/-3.71
052008,52,8,1,43.81/-4.16
052009,52,9,1,44.33/-3.77
052010,52,10,0,44.85/-4.23
052011,52,11,0,45.37/-3.84
052012,52,12,0,45.89/-4.31
052013,52,13,0,46.41/-3.92
052014,52,14,0,46.93/-4.4
052015,52,15,0,47.45/-3.99
052016,52,16,0,47.97/-4.48
052017,52,17,0,48.49/-4.07
052018,52,18,2,49.01/-4.58
052019,52,19,2,49.53/-4.16
052020,52,20,0,50.05/-4.68
052021,52,21,1,50.57/-4.25
052022,52,22,0,51.09/-4.78
052023,52,23,0,51.6/-4.35
052024,52,24,1,52.12/-4.89
052025,52,25,1,52.64/-4.45
052026,52,26,1,53.16/-5.01
052027,52,27,1,53.68/-4.56
052028,52,28,0,54.2/-5.13
052029,52,29,0,54.72/-4.68
052030,52,30,0,55.24/-5.27
052031,52,31,0,55.76/-4.8
052032,52,32,0,56.28/-5.41
052033,52,33,1,56.8/-4.93
052034,52,34,1,57.32/-5.56
052035,52,35,1,57.84/-5.08
052036,52,36,1,58.36/-5.73
052037,52,37,1,58.88/-5.23
052038,52,38,1,59.4/-5.9
052039,52,39,0,59.92/-5.39
052040,52,40,0,60.44/-6.09
052041,52,41,0,60.96/-5.57
052042,52,42,0,61.48/-6.29
052043,52,43,0,62/-5.76
052044,52,44,0,62.52/-6.51
052045,52,45,3,63.04/-5.96
052046,52,46,4,63.56/-6.75
052047,52,47,0,64.08/-6.18
052048,52,48,0,64.6/-7.01
052049,52,49,0,65.11/-6.42
052050,52,50,0,65.63/-7.29
052051,52,51,0,66.15/-6.69
052052,52,52,0,66.67/-7.6
052053,52,53,0,67.19/-6.98
052054,52,54,0,67.71/-7.93
052055,52,55,7,68.23/-7.29
052056,52,56,7,68.75/-8.3
052057,52,57,7,69.27/-7.64
052058,52,58,4,69.79/-8.71
052059,52,59,4,70.31/-8.03
052060,52,60,7,70.83/-9.17
052061,52,61,7,71.35/-8.46
052062,52,62,7,71.87/-9.67
052063,52,63,7,72.39/-8.94
052064,52,64,7,72.91/-10.25
052065,52,65,0,73.43/-9.49
052066,52,66,0,73.95/-10.89
052067,52,67,0,74.47/-10.11
052068,52,68,0,74.99/-11.63
052069,52,69,0,75.51/-10.82
052070,52,70,0,76.03/-12.48
052071,52,71,0,76.55/-11.64
052072,52,72,0,77.07/-13.47
052073,52,73,0,77.59/-12.6
052074,52,74,0,78.11/-14.63
052075,52,75,0,78.62/-13.74
052076,52,76,0,79.14/-16.03
053001,53,1,1,40.17/-2.75
053002,53,2,1,40.69/-3.17
053003,53,3,1,41.21/-2.79
053004,53,4,1,41.73/-3.22
053005,53,5,1,42.25/-2.84
053006,53,6,1,42.77/-3.27
053007,53,7,1,43.29/-2.88
053008,53,8,1,43.81/-3.33
053009,53,9,1,44.33/-2.94
053010,53,10,0,44.85/-3.39
053011,53,11,0,45.37/-2.99
053012,53,12,0,45.89/-3.45
053013,53,13,0,46.41/-3.05
053014,53,14,0,46.93/-3.52
053015,53,15,0,47.45/-3.11
053016,53,16,0,47.97/-3.59
053017,53,17,0,48.49/-3.17
053018,53,18,1,49.01/-3.66
053019,53,19,1,49.53/-3.24
053020,53,20,1,50.05/-3.74
053021,53,21,0,50.57/-3.31
053022,53,22,0,51.09/-3.82
053023,53,23,0,51.6/-3.38
053024,53,24,1,52.12/-3.91
053025,53,25,1,52.64/-3.46
053026,53,26,1,53.16/-4.01
053027,53,27,1,53.68/-3.55
053028,53,28,1,54.2/-4.11
053029,53,29,1,54.72/-3.64
053030,53,30,0,55.24/-4.21
053031,53,31,1,55.76/-3.73
053032,53,32,1,56.28/-4.33
053033,53,33,1,56.8/-3.84
053034,53,34,1,57.32/-4.45
053035,53,35,1,57.84/-3.95
053036,53,36,1,58.36/-4.58
053037,53,37,0,58.88/-4.07
053038,53,38,1,59.4/-4.72
053039,53,39,0,59.92/-4.19
053040,53,40,0,60.44/-4.87
053041,53,41,4,60.96/-4.33
053042,53,42,4,61.48/-5.04
053043,53,43,0,62/-4.48
053044,53,44,4,62.52/-5.21
053045,53,45,3,63.04/-4.64
053046,53,46,0,63.56/-5.4
053047,53,47,0,64.08/-4.81
053048,53,48,0,64.6/-5.61
053049,53,49,0,65.11/-5
053050,53,50,0,65.63/-5.83
053051,53,51,0,66.15/-5.2
053052,53,52,0,66.67/-6.08
053053,53,53,0,67.19/-5.43
053054,53,54,0,67.71/-6.34
053055,53,55,0,68.23/-5.67
053056,53,56,7,68.75/-6.64
053057,53,57,7,69.27/-5.94
053058,53,58,7,69.79/-6.97
053059,53,59,4,70.31/-6.24
053060,53,60,7,70.83/-7.33
053061,53,61,7,71.35/-6.58
053062,53,62,7,71.87/-7.74
053063,53,63,7,72.39/-6.96
053064,53,64,7,72.91/-8.2
053065,53,65,0,73.43/-7.38
053066,53,66,0,73.95/-8.71
053067,53,67,0,74.47/-7.86
053068,53,68,0,74.99/-9.3
053069,53,69,0,75.51/-8.41
053070,53,70,0,76.03/-9.98
053071,53,71,0,76.55/-9.05
053072,53,72,0,77.07/-10.77
053073,53,73,0,77.59/-9.8
053074,53,74,0,78.11/-11.71
053075,53,75,0,78.62/-10.68
053076,53,76,0,79.14/-12.82
054001,54,1,1,40.17/-1.96
054002,54,2,1,40.69/-2.37
054003,54,3,1,41.21/-1.99
054004,54,4,1,41.73/-2.41
054005,54,5,1,42.25/-2.03
054006,54,6,1,42.77/-2.45
054007,54,7,1,43.29/-2.06
054008,54,8,1,43.81/-2.49
054009,54,9,1,44.33/-2.1
054010,54,10,0,44.85/-2.54
054011,54,11,0,45.37/-2.13
054012,54,12,0,45.89/-2.59
054013,54,13,0,46.41/-2.18
054014,54,14,0,46.93/-2.64
054015,54,15,0,47.45/-2.22
054016,54,16,0,47.97/-2.69
054017,54,17,1,48.49/-2.26
054018,54,18,1,49.01/-2.75
054019,54,19,1,49.53/-2.31
054020,54,20,0,50.05/-2.8
054021,54,21,1,50.57/-2.36
054022,54,22,0,51.09/-2.87
054023,54,23,0,51.6/-2.42
054024,54,24,1,52.12/-2.93
054025,54,25,1,52.64/-2.47
054026,54,26,1,53.16/-3.01
054027,54,27,1,53.68/-2.53
054028,54,28,1,54.2/-3.08
054029,54,29,1,54.72/-2.6
054030,54,30,0,55.24/-3.16
054031,54,31,1,55.76/-2.67
054032,54,32,1,56.28/-3.25
054033,54,33,0,56.8/-2.74
054034,54,34,1,57.32/-3.34
054035,54,35,0,57.84/-2.82
054036,54,36,1,58.36/-3.44
054037,54,37,0,58.88/-2.9
054038,54,38,0,59.4/-3.54
054039,54,39,0,59.92/-2.99
054040,54,40,0,60.44/-3.65
054041,54,41,0,60.96/-3.09
054042,54,42,0,61.48/-3.78
054043,54,43,0,62/-3.2
054044,54,44,0,62.52/-3.91
054045,54,45,3,63.04/-3.31
054046,54,46,0,63.56/-4.05
054047,54,47,0,64.08/-3.43
054048,54,48,0,64.6/-4.2
054049,54,49,0,65.11/-3.57
054050,54,50,0,65.63/-4.37
054051,54,51,0,66.15/-3.71
054052,54,52,0,66.67/-4.56
054053,54,53,0,67.19/-3.87
054054,54,54,0,67.71/-4.76
054055,54,55,0,68.23/-4.05
054056,54,56,7,68.75/-4.98
054057,54,57,7,69.27/-4.24
054058,54,58,7,69.79/-5.23
054059,54,59,7,70.31/-4.46
054060,54,60,7,70.83/-5.5
054061,54,61,7,71.35/-4.7
054062,54,62,7,71.87/-5.8
054063,54,63,7,72.39/-4.97
054064,54,64,7,72.91/-6.15
054065,54,65,0,73.43/-5.27
054066,54,66,0,73.95/-6.53
054067,54,67,0,74.47/-5.61
054068,54,68,0,74.99/-6.98
054069,54,69,0,75.51/-6.01
054070,54,70,0,76.03/-7.49
054071,54,71,0,76.55/-6.46
054072,54,72,0,77.07/-8.08
054073,54,73,0,77.59/-7
054074,54,74,0,78.11/-8.78
054075,54,75,0,78.62/-7.63
054076,54,76,0,79.14/-9.61
055001,55,1,1,40.17/-1.18
055002,55,2,1,40.69/-1.58
055003,55,3,1,41.21/-1.2
055004,55,4,1,41.73/-1.61
055005,55,5,1,42.25/-1.22
055006,55,6,1,42.77/-1.63
055007,55,7,1,43.29/-1.24
055008,55,8,1,43.81/-1.66
055009,55,9,1,44.33/-1.26
055010,55,10,0,44.85/-1.69
055011,55,11,1,45.37/-1.28
055012,55,12,0,45.89/-1.72
055013,55,13,1,46.41/-1.31
055014,55,14,0,46.93/-1.76
055015,55,15,1,47.45/-1.33
055016,55,16,1,47.97/-1.79
055017,55,17,1,48.49/-1.36
055018,55,18,1,49.01/-1.83
055019,55,19,1,49.53/-1.39
055020,55,20,1,50.05/-1.87
055021,55,21,1,50.57/-1.42
055022,55,22,0,51.09/-1.91
055023,55,23,0,51.6/-1.45
055024,55,24,1,52.12/-1.96
055025,55,25,1,52.64/-1.48
055026,55,26,1,53.16/-2
055027,55,27,1,53.68/-1.52
055028,55,28,1,54.2/-2.05
055029,55,29,1,54.72/-1.56
055030,55,30,1,55.24/-2.11
055031,55,31,0,55.76/-1.6
055032,55,32,1,56.28/-2.16
055033,55,33,0,56.8/-1.64
055034,55,34,1,57.32/-2.23
055035,55,35,0,57.84/-1.69
055036,55,36,1,58.36/-2.29
055037,55,37,0,58.88/-1.74
055038,55,38,0,59.4/-2.36
055039,55,39,0,59.92/-1.8
055040,55,40,0,60.44/-2.44
055041,55,41,0,60.96/-1.86
055042,55,42,0,61.48/-2.52
055043,55,43,0,62/-1.92
055044,55,44,0,62.52/-2.6
055045,55,45,3,63.04/-1.99
055046,55,46,0,63.56/-2.7
055047,55,47,0,64.08/-2.06
055048,55,48,0,64.6/-2.8
055049,55,49,0,65.11/-2.14
055050,55,50,0,65.63/-2.91
055051,55,51,0,66.15/-2.23
055052,55,52,0,66.67/-3.04
055053,55,53,0,67.19/-2.32
055054,55,54,0,67.71/-3.17
055055,55,55,0,68.23/-2.43
055056,55,56,7,68.75/-3.32
055057,55,57,7,69.27/-2.55
055058,55,58,7,69.79/-3.48
055059,55,59,7,70.31/-2.68
055060,55,60,4,70.83/-3.66
055061,55,61,4,71.35/-2.82
055062,55,62,7,71.87/-3.87
055063,55,63,7,72.39/-2.98
055064,55,64,7,72.91/-4.1
055065,55,65,0,73.43/-3.16
055066,55,66,0,73.95/-4.35
055067,55,67,0,74.47/-3.37
055068,55,68,0,74.99/-4.65
055069,55,69,0,75.51/-3.6
055070,55,70,0,76.03/-4.99
055071,55,71,0,76.55/-3.88
055072,55,72,0,77.07/-5.38
055073,55,73,0,77.59/-4.2
055074,55,74,0,78.11/-5.85
055075,55,75,0,78.62/-4.58
055076,55,76,0,79.14/-6.41
056001,56,1,0,40.17/-0.39
056002,56,2,1,40.69/-0.79
056003,56,3,0,41.21/-0.4
056004,56,4,1,41.73/-0.8
056005,56,5,1,42.25/-0.41
056006,56,6,1,42.77/-0.82
056007,56,7,1,43.29/-0.41
056008,56,8,1,43.81/-0.83
056009,56,9,1,44.33/-0.42
056010,56,10,1,44.85/-0.85
056011,56,11,1,45.37/-0.43
056012,56,12,1,45.89/-0.86
056013,56,13,1,46.41/-0.43
056014,56,14,1,46.93/-0.88
056015,56,15,1,47.45/-0.44
056016,56,16,1,47.97/-0.9
056017,56,17,1,48.49/-0.45
056018,56,18,1,49.01/-0.91
056019,56,19,1,49.53/-0.46
056020,56,20,1,50.05/-0.93
056021,56,21,1,50.57/-0.47
056022,56,22,0,51.09/-0.96
056023,56,23,1,51.6/-0.48
056024,56,24,0,52.12/-0.98
056025,56,25,1,52.64/-0.49
056026,56,26,1,53.16/-1
056027,56,27,1,53.68/-0.51
056028,56,28,1,54.2/-1.03
056029,56,29,0,54.72/-0.52
056030,56,30,1,55.24/-1.05
056031,56,31,0,55.76/-0.53
056032,56,32,1,56.28/-1.08
056033,56,33,0,56.8/-0.55
056034,56,34,0,57.32/-1.11
056035,56,35,0,57.84/-0.56
056036,56,36,0,58.36/-1.14
056037,56,37,0,58.88/-0.58
056038,56,38,0,59.4/-1.18
056039,56,39,0,59.92/-0.6
056040,56,40,1,60.44/-1.22
056041,56,41,0,60.96/-0.62
056042,56,42,0,61.48/-1.26
056043,56,43,0,62/-0.64
056044,56,44,0,62.52/-1.3
056045,56,45,3,63.04/-0.66
056046,56,46,0,63.56/-1.35
056047,56,47,0,64.08/-0.69
056048,56,48,0,64.6/-1.4
056049,56,49,0,65.11/-0.71
056050,56,50,0,65.63/-1.46
056051,56,51,0,66.15/-0.74
056052,56,52,0,66.67/-1.52
056053,56,53,0,67.19/-0.77
056054,56,54,0,67.71/-1.58
056055,56,55,0,68.23/-0.81
056056,56,56,0,68.75/-1.66
056057,56,57,7,69.27/-0.85
056058,56,58,7,69.79/-1.74
056059,56,59,7,70.31/-0.89
056060,56,60,7,70.83/-1.83
056061,56,61,7,71.35/-0.94
056062,56,62,7,71.87/-1.93
056063,56,63,7,72.39/-0.99
056064,56,64,7,72.91/-2.05
056065,56,65,0,73.43/-1.05
056066,56,66,0,73.95/-2.18
056067,56,67,0,74.47/-1.12
056068,56,68,0,74.99/-2.32
056069,56,69,0,75.51/-1.2
056070,56,70,0,76.03/-2.49
056071,56,71,0,76.55/-1.29
056072,56,72,0,77.07/-2.69
056073,56,73,0,77.59/-1.4
056074,56,74,0,78.11/-2.92
056075,56,75,0,78.62/-1.52
056076,56,76,0,79.14/-3.2
057002,57,2,0,40.69/0
057003,57,3,0,41.21/0.4
057004,57,4,1,41.73/0
057005,57,5,1,42.25/0.41
057006,57,6,1,42.77/0
057007,57,7,1,43.29/0.41
057008,57,8,1,43.81/0
057009,57,9,1,44.33/0.42
057010,57,10,1,44.85/0
057011,57,11,1,45.37/0.43
057012,57,12,1,45.89/0
057013,57,13,1,46.41/0.43
057014,57,14,1,46.93/0
057015,57,15,1,47.45/0.44
057016,57,16,1,47.97/0
057017,57,17,1,48.49/0.45
057018,57,18,1,49.01/0
057019,57,19,1,49.53/0.46
057020,57,20,1,50.05/0
057021,57,21,1,50.57/0.47
057022,57,22,1,51.09/0
057023,57,23,1,51.6/0.48
057024,57,24,0,52.12/0
057025,57,25,1,52.64/0.49
057026,57,26,1,53.16/0
057027,57,27,1,53.68/0.51
057028,57,28,0,54.2/0
057029,57,29,0,54.72/0.52
057030,57,30,0,55.24/0
057031,57,31,0,55.76/0.53
057032,57,32,0,56.28/0
057033,57,33,0,56.8/0.55
057034,57,34,0,57.32/0
057035,57,35,0,57.84/0.56
057036,57,36,0,58.36/0
057037,57,37,0,58.88/0.58
057038,57,38,0,59.4/0
057039,57,39,0,59.92/0.6
057040,57,40,0,60.44/0
057041,57,41,0,60.96/0.62
057042,57,42,0,61.48/0
057043,57,43,4,62/0.64
057044,57,44,0,62.52/0
057045,57,45,3,63.04/0.66
057046,57,46,3,63.56/0
057047,57,47,7,64.08/0.69
057048,57,48,0,64.6/0
057049,57,49,7,65.11/0.71
057050,57,50,0,65.63/0
057051,57,51,7,66.15/0.74
057052,57,52,0,66.67/0
057053,57,53,7,67.19/0.77
057054,57,54,0,67.71/0
057055,57,55,7,68.23/0.81
057056,57,56,7,68.75/0
057057,57,57,7,69.27/0.85
057058,57,58,7,69.79/0
057059,57,59,0,70.31/0.89
057060,57,60,7,70.83/0
057061,57,61,0,71.35/0.94
057062,57,62,7,71.87/0
057063,57,63,0,72.39/0.99
057064,57,64,7,72.91/0
057065,57,65,0,73.43/1.05
057066,57,66,0,73.95/0
057067,57,67,0,74.47/1.12
057068,57,68,0,74.99/0
057069,57,69,0,75.51/1.2
057070,57,70,0,76.03/0
057071,57,71,0,76.55/1.29
057072,57,72,0,77.07/0
057073,57,73,0,77.59/1.4
057074,57,74,0,78.11/0
057075,57,75,0,78.62/1.52
057076,57,76,0,79.14/0
058004,58,4,0,41.73/0.8
058005,58,5,0,42.25/1.22
058006,58,6,1,42.77/0.82
058007,58,7,1,43.29/1.24
058008,58,8,1,43.81/0.83
058009,58,9,1,44.33/1.26
058010,58,10,1,44.85/0.85
058011,58,11,1,45.37/1.28
058012,58,12,1,45.89/0.86
058013,58,13,1,46.41/1.31
058014,58,14,1,46.93/0.88
058015,58,15,1,47.45/1.33
058016,58,16,1,47.97/0.9
058017,58,17,1,48.49/1.36
058018,58,18,1,49.01/0.91
058019,58,19,1,49.53/1.39
058020,58,20,1,50.05/0.93
058021,58,21,1,50.57/1.42
058022,58,22,1,51.09/0.96
058023,58,23,1,51.6/1.45
058024,58,24,0,52.12/0.98
058025,58,25,0,52.64/1.48
058026,58,26,1,53.16/1
058027,58,27,1,53.68/1.52
058028,58,28,0,54.2/1.03
058029,58,29,0,54.72/1.56
058030,58,30,0,55.24/1.05
058031,58,31,0,55.76/1.6
058032,58,32,0,56.28/1.08
058033,58,33,0,56.8/1.64
058034,58,34,0,57.32/1.11
058035,58,35,0,57.84/1.69
058036,58,36,0,58.36/1.14
058037,58,37,0,58.88/1.74
058038,58,38,0,59.4/1.18
058039,58,39,2,59.92/1.8
058040,58,40,2,60.44/1.22
058041,58,41,2,60.96/1.86
058042,58,42,2,61.48/1.26
058043,58,43,4,62/1.92
058044,58,44,0,62.52/1.3
058045,58,45,3,63.04/1.99
058046,58,46,0,63.56/1.35
058047,58,47,3,64.08/2.06
058048,58,48,4,64.6/1.4
058049,58,49,7,65.11/2.14
058050,58,50,7,65.63/1.46
058051,58,51,7,66.15/2.23
058052,58,52,7,66.67/1.52
058053,58,53,7,67.19/2.32
058054,58,54,7,67.71/1.58
058055,58,55,7,68.23/2.43
058056,58,56,7,68.75/1.66
058057,58,57,7,69.27/2.55
058058,58,58,0,69.79/1.74
058059,58,59,0,70.31/2.68
058060,58,60,0,70.83/1.83
058061,58,61,0,71.35/2.82
058062,58,62,0,71.87/1.93
058063,58,63,0,72.39/2.98
058064,58,64,0,72.91/2.05
058065,58,65,0,73.43/3.16
058066,58,66,0,73.95/2.18
058067,58,67,0,74.47/3.37
058068,58,68,0,74.99/2.32
058069,58,69,0,75.51/3.6
058070,58,70,0,76.03/2.49
058071,58,71,0,76.55/3.88
058072,58,72,0,77.07/2.69
058073,58,73,0,77.59/4.2
058074,58,74,0,78.11/2.92
058075,58,75,0,78.62/4.58
058076,58,76,0,79.14/3.2
059006,59,6,1,42.77/1.63
059007,59,7,1,43.29/2.06
059008,59,8,1,43.81/1.66
059009,59,9,1,44.33/2.1
059010,59,10,1,44.85/1.69
059011,59,11,1,45.37/2.13
059012,59,12,1,45.89/1.72
059013,59,13,1,46.41/2.18
059014,59,14,1,46.93/1.76
059015,59,15,1,47.45/2.22
059016,59,16,1,47.97/1.79
059017,59,17,1,48.49/2.26
059018,59,18,1,49.01/1.83
059019,59,19,1,49.53/2.31
059020,59,20,1,50.05/1.87
059021,59,21,1,50.57/2.36
059022,59,22,1,51.09/1.91
059023,59,23,1,51.6/2.42
059024,59,24,1,52.12/1.96
059025,59,25,1,52.64/2.47
059026,59,26,0,53.16/2
059027,59,27,0,53.68/2.53
059028,59,28,0,54.2/2.05
059029,59,29,0,54.72/2.6
059030,59,30,0,55.24/2.11
059031,59,31,0,55.76/2.67
059032,59,32,0,56.28/2.16
059033,59,33,0,56.8/2.74
059034,59,34,0,57.32/2.23
059035,59,35,0,57.84/2.82
059036,59,36,2,58.36/2.29
059037,59,37,2,58.88/2.9
059038,59,38,2,59.4/2.36
059039,59,39,2,59.92/2.99
059040,59,40,2,60.44/2.44
059041,59,41,2,60.96/3.09
059042,59,42,2,61.48/2.52
059043,59,43,4,62/3.2
059044,59,44,3,62.52/2.6
059045,59,45,0,63.04/3.31
059046,59,46,3,63.56/2.7
059047,59,47,0,64.08/3.43
059048,59,48,3,64.6/2.8
059049,59,49,4,65.11/3.57
059050,59,50,7,65.63/2.91
059051,59,51,4,66.15/3.71
059052,59,52,7,66.67/3.04
059053,59,53,7,67.19/3.87
059054,59,54,7,67.71/3.17
059055,59,55,7,68.23/4.05
059056,59,56,7,68.75/3.32
059057,59,57,7,69.27/4.24
059058,59,58,0,69.79/3.48
059059,59,59,0,70.31/4.46
059060,59,60,0,70.83/3.66
059061,59,61,0,71.35/4.7
059062,59,62,0,71.87/3.87
059063,59,63,0,72.39/4.97
059064,59,64,0,72.91/4.1
059065,59,65,0,73.43/5.27
059066,59,66,0,73.95/4.35
059067,59,67,0,74.47/5.61
059068,59,68,0,74.99/4.65
059069,59,69,0,75.51/6.01
059070,59,70,0,76.03/4.99
059071,59,71,0,76.55/6.46
059072,59,72,0,77.07/5.38
059073,59,73,0,77.59/7
059074,59,74,0,78.11/5.85
059075,59,75,0,78.62/7.63
059076,59,76,0,79.14/6.41
060008,60,8,0,43.81/2.49
060009,60,9,0,44.33/2.94
060010,60,10,1,44.85/2.54
060011,60,11,1,45.37/2.99
060012,60,12,1,45.89/2.59
060013,60,13,1,46.41/3.05
060014,60,14,1,46.93/2.64
060015,60,15,1,47.45/3.11
060016,60,16,1,47.97/2.69
060017,60,17,1,48.49/3.17
060018,60,18,1,49.01/2.75
060019,60,19,1,49.53/3.24
060020,60,20,1,50.05/2.8
060021,60,21,1,50.57/3.31
060022,60,22,1,51.09/2.87
060023,60,23,1,51.6/3.38
060024,60,24,1,52.12/2.93
060025,60,25,1,52.64/3.46
060026,60,26,0,53.16/3.01
060027,60,27,0,53.68/3.55
060028,60,28,0,54.2/3.08
060029,60,29,0,54.72/3.64
060030,60,30,0,55.24/3.16
060031,60,31,0,55.76/3.73
060032,60,32,0,56.28/3.25
060033,60,33,0,56.8/3.84
060034,60,34,0,57.32/3.34
060035,60,35,0,57.84/3.95
060036,60,36,2,58.36/3.44
060037,60,37,2,58.88/4.07
060038,60,38,2,59.4/3.54
060039,60,39,2,59.92/4.19
060040,60,40,2,60.44/3.65
060041,60,41,2,60.96/4.33
060042,60,42,2,61.48/3.78
060043,60,43,0,62/4.48
060044,60,44,4,62.52/3.91
060045,60,45,3,63.04/4.64
060046,60,46,3,63.56/4.05
060047,60,47,3,64.08/4.81
060048,60,48,7,64.6/4.2
060049,60,49,3,65.11/5
060050,60,50,4,65.63/4.37
060051,60,51,7,66.15/5.2
060052,60,52,4,66.67/4.56
060053,60,53,4,67.19/5.43
060054,60,54,4,67.71/4.76
060055,60,55,4,68.23/5.67
060056,60,56,7,68.75/4.98
060057,60,57,0,69.27/5.94
060058,60,58,0,69.79/5.23
060059,60,59,0,70.31/6.24
060060,60,60,0,70.83/5.5
060061,60,61,0,71.35/6.58
060062,60,62,0,71.87/5.8
060063,60,63,0,72.39/6.96
060064,60,64,0,72.91/6.15
060065,60,65,0,73.43/7.38
060066,60,66,0,73.95/6.53
060067,60,67,0,74.47/7.86
060068,60,68,0,74.99/6.98
060069,60,69,0,75.51/8.41
060070,60,70,0,76.03/7.49
060071,60,71,0,76.55/9.05
060072,60,72,0,77.07/8.08
060073,60,73,0,77.59/9.8
060074,60,74,0,78.11/8.78
060075,60,75,0,78.62/10.68
060076,60,76,0,79.14/9.61
061010,61,10,1,44.85/3.39
061011,61,11,1,45.37/3.84
061012,61,12,1,45.89/3.45
061013,61,13,1,46.41/3.92
061014,61,14,1,46.93/3.52
061015,61,15,1,47.45/3.99
061016,61,16,1,47.97/3.59
061017,61,17,1,48.49/4.07
061018,61,18,1,49.01/3.66
061019,61,19,1,49.53/4.16
061020,61,20,1,50.05/3.74
061021,61,21,1,50.57/4.25
061022,61,22,1,51.09/3.82
061023,61,23,1,51.6/4.35
061024,61,24,1,52.12/3.91
061025,61,25,1,52.64/4.45
061026,61,26,0,53.16/4.01
061027,61,27,0,53.68/4.56
061028,61,28,0,54.2/4.11
061029,61,29,0,54.72/4.68
061030,61,30,0,55.24/4.21
061031,61,31,0,55.76/4.8
061032,61,32,0,56.28/4.33
061033,61,33,0,56.8/4.93
061034,61,34,0,57.32/4.45
061035,61,35,2,57.84/5.08
061036,61,36,2,58.36/4.58
061037,61,37,4,58.88/5.23
061038,61,38,4,59.4/4.72
061039,61,39,4,59.92/5.39
061040,61,40,2,60.44/4.87
061041,61,41,4,60.96/5.57
061042,61,42,4,61.48/5.04
061043,61,43,4,62/5.76
061044,61,44,1,62.52/5.21
061045,61,45,4,63.04/5.96
061046,61,46,4,63.56/5.4
061047,61,47,3,64.08/6.18
061048,61,48,3,64.6/5.61
061049,61,49,0,65.11/6.42
061050,61,50,3,65.63/5.83
061051,61,51,7,66.15/6.69
061052,61,52,7,66.67/6.08
061053,61,53,7,67.19/6.98
061054,61,54,4,67.71/6.34
061055,61,55,4,68.23/7.29
061056,61,56,0,68.75/6.64
061057,61,57,0,69.27/7.64
061058,61,58,0,69.79/6.97
061059,61,59,0,70.31/8.03
061060,61,60,0,70.83/7.33
061061,61,61,0,71.35/8.46
061062,61,62,0,71.87/7.74
061063,61,63,0,72.39/8.94
061064,61,64,0,72.91/8.2
061065,61,65,0,73.43/9.49
061066,61,66,0,73.95/8.71
061067,61,67,0,74.47/10.11
061068,61,68,0,74.99/9.3
061069,61,69,0,75.51/10.82
061070,61,70,0,76.03/9.98
061071,61,71,0,76.55/11.64
061072,61,72,0,77.07/10.77
061073,61,73,0,77.59/12.6
061074,61,74,0,78.11/11.71
061075,61,75,0,78.62/13.74
061076,61,76,0,79.14/12.82
062012,62,12,1,45.89/4.31
062013,62,13,1,46.41/4.79
062014,62,14,1,46.93/4.4
062015,62,15,1,47.45/4.88
062016,62,16,1,47.97/4.48
062017,62,17,1,48.49/4.98
062018,62,18,1,49.01/4.58
062019,62,19,1,49.53/5.08
062020,62,20,1,50.05/4.68
062021,62,21,1,50.57/5.2
062022,62,22,1,51.09/4.78
062023,62,23,1,51.6/5.31
062024,62,24,1,52.12/4.89
062025,62,25,1,52.64/5.44
062026,62,26,1,53.16/5.01
062027,62,27,0,53.68/5.57
062028,62,28,1,54.2/5.13
062029,62,29,0,54.72/5.72
062030,62,30,0,55.24/5.27
062031,62,31,0,55.76/5.87
062032,62,32,0,56.28/5.41
062033,62,33,0,56.8/6.03
062034,62,34,0,57.32/5.56
062035,62,35,2,57.84/6.2
062036,62,36,4,58.36/5.73
062037,62,37,0,58.88/6.39
062038,62,38,0,59.4/5.9
062039,62,39,1,59.92/6.59
062040,62,40,1,60.44/6.09
062041,62,41,1,60.96/6.8
062042,62,42,1,61.48/6.29
062043,62,43,1,62/7.04
062044,62,44,1,62.52/6.51
062045,62,45,1,63.04/7.29
062046,62,46,1,63.56/6.75
062047,62,47,4,64.08/7.56
062048,62,48,1,64.6/7.01
062049,62,49,3,65.11/7.85
062050,62,50,3,65.63/7.29
062051,62,51,3,66.15/8.17
062052,62,52,3,66.67/7.6
062053,62,53,7,67.19/8.53
062054,62,54,3,67.71/7.93
062055,62,55,0,68.23/8.91
062056,62,56,0,68.75/8.3
062057,62,57,0,69.27/9.34
062058,62,58,0,69.79/8.71
062059,62,59,0,70.31/9.81
062060,62,60,0,70.83/9.17
062061,62,61,0,71.35/10.34
062062,62,62,0,71.87/9.67
062063,62,63,0,72.39/10.93
062064,62,64,0,72.91/10.25
062065,62,65,0,73.43/11.6
062066,62,66,0,73.95/10.89
062067,62,67,0,74.47/12.35
062068,62,68,0,74.99/11.63
062069,62,69,0,75.51/13.22
062070,62,70,0,76.03/12.48
062071,62,71,0,76.55/14.22
062072,62,72,0,77.07/13.47
062073,62,73,0,77.59/15.4
062074,62,74,0,78.11/14.63
062075,62,75,0,78.62/16.79
062076,62,76,1,79.14/16.03
063014,63,14,1,46.93/5.27
063015,63,15,1,47.45/5.77
063016,63,16,1,47.97/5.38
063017,63,17,1,48.49/5.89
063018,63,18,1,49.01/5.49
063019,63,19,1,49.53/6.01
063020,63,20,1,50.05/5.61
063021,63,21,1,50.57/6.14
063022,63,22,1,51.09/5.74
063023,63,23,1,51.6/6.28
063024,63,24,1,52.12/5.87
063025,63,25,1,52.64/6.43
063026,63,26,1,53.16/6.01
063027,63,27,1,53.68/6.59
063028,63,28,1,54.2/6.16
063029,63,29,0,54.72/6.76
063030,63,30,0,55.24/6.32
063031,63,31,0,55.76/6.94
063032,63,32,0,56.28/6.49
063033,63,33,0,56.8/7.13
063034,63,34,2,57.32/6.68
063035,63,35,2,57.84/7.33
063036,63,36,0,58.36/6.87
063037,63,37,0,58.88/7.55
063038,63,38,0,59.4/7.08
063039,63,39,1,59.92/7.79
063040,63,40,1,60.44/7.31
063041,63,41,1,60.96/8.04
063042,63,42,1,61.48/7.55
063043,63,43,1,62/8.32
063044,63,44,1,62.52/7.82
063045,63,45,1,63.04/8.61
063046,63,46,1,63.56/8.1
063047,63,47,4,64.08/8.93
063048,63,48,4,64.6/8.41
063049,63,49,0,65.11/9.28
063050,63,50,3,65.63/8.75
063051,63,51,0,66.15/9.66
063052,63,52,3,66.67/9.11
063053,63,53,0,67.19/10.08
063054,63,54,0,67.71/9.52
063055,63,55,3,68.23/10.53
063056,63,56,0,68.75/9.96
063057,63,57,0,69.27/11.04
063058,63,58,0,69.79/10.45
063059,63,59,0,70.31/11.6
063060,63,60,0,70.83/11
063061,63,61,0,71.35/12.22
063062,63,62,0,71.87/11.61
063063,63,63,0,72.39/12.92
063064,63,64,0,72.91/12.3
063065,63,65,0,73.43/13.71
063066,63,66,0,73.95/13.07
063067,63,67,0,74.47/14.6
063068,63,68,0,74.99/13.96
063069,63,69,0,75.51/15.63
063070,63,70,0,76.03/14.98
063071,63,71,0,76.55/16.81
063072,63,72,1,77.07/16.17
063073,63,73,1,77.59/18.2
063074,63,74,1,78.11/17.56
063075,63,75,1,78.62/19.84
063076,63,76,1,79.14/19.23
064016,64,16,1,47.97/6.28
064017,64,17,1,48.49/6.79
064018,64,18,1,49.01/6.41
064019,64,19,1,49.53/6.93
064020,64,20,1,50.05/6.55
064021,64,21,1,50.57/7.09
064022,64,22,1,51.09/6.69
064023,64,23,1,51.6/7.25
064024,64,24,1,52.12/6.85
064025,64,25,1,52.64/7.42
064026,64,26,1,53.16/7.01
064027,64,27,1,53.68/7.6
064028,64,28,1,54.2/7.19
064029,64,29,0,54.72/7.8
064030,64,30,0,55.24/7.38
064031,64,31,0,55.76/8
064032,64,32,0,56.28/7.58
064033,64,33,0,56.8/8.22
064034,64,34,2,57.32/7.79
064035,64,35,2,57.84/8.46
064036,64,36,1,58.36/8.02
064037,64,37,0,58.88/8.71
064038,64,38,0,59.4/8.26
064039,64,39,1,59.92/8.99
064040,64,40,1,60.44/8.53
064041,64,41,1,60.96/9.28
064042,64,42,1,61.48/8.81
064043,64,43,1,62/9.59
064044,64,44,1,62.52/9.12
064045,64,45,1,63.04/9.94
064046,64,46,1,63.56/9.45
064047,64,47,1,64.08/10.31
064048,64,48,1,64.6/9.81
064049,64,49,4,65.11/10.71
064050,64,50,4,65.63/10.2
064051,64,51,3,66.15/11.15
064052,64,52,4,66.67/10.63
064053,64,53,3,67.19/11.63
064054,64,54,4,67.71/11.1
064055,64,55,0,68.23/12.15
064056,64,56,0,68.75/11.62
064057,64,57,0,69.27/12.74
064058,64,58,0,69.79/12.2
064059,64,59,0,70.31/13.38
064060,64,60,0,70.83/12.83
064061,64,61,0,71.35/14.1
064062,64,62,0,71.87/13.54
064063,64,63,0,72.39/14.91
064064,64,64,0,72.91/14.34
064065,64,65,0,73.43/15.81
064066,64,66,0,73.95/15.25
064067,64,67,0,74.47/16.85
064068,64,68,0,74.99/16.29
064069,64,69,0,75.51/18.03
064070,64,70,0,76.03/17.48
064071,64,71,0,76.55/19.4
064072,64,72,0,77.07/18.86
064073,64,73,1,77.59/21
064074,64,74,1,78.11/20.49
064075,64,75,1,78.62/22.9
064076,64,76,1,79.14/22.44
065018,65,18,1,49.01/7.32
065019,65,19,1,49.53/7.86
065020,65,20,1,50.05/7.48
065021,65,21,1,50.57/8.03
065022,65,22,1,51.09/7.65
065023,65,23,1,51.6/8.21
065024,65,24,1,52.12/7.83
065025,65,25,1,52.64/8.41
065026,65,26,1,53.16/8.01
065027,65,27,1,53.68/8.62
065028,65,28,1,54.2/8.22
065029,65,29,0,54.72/8.84
065030,65,30,1,55.24/8.43
065031,65,31,0,55.76/9.07
065032,65,32,1,56.28/8.66
065033,65,33,1,56.8/9.32
065034,65,34,1,57.32/8.9
065035,65,35,1,57.84/9.59
065036,65,36,2,58.36/9.16
065037,65,37,0,58.88/9.88
065038,65,38,0,59.4/9.44
065039,65,39,0,59.92/10.18
065040,65,40,0,60.44/9.75
065041,65,41,1,60.96/10.52
065042,65,42,1,61.48/10.07
065043,65,43,1,62/10.87
065044,65,44,1,62.52/10.42
065045,65,45,1,63.04/11.26
065046,65,46,1,63.56/10.8
065047,65,47,1,64.08/11.68
065048,65,48,1,64.6/11.21
065049,65,49,1,65.11/12.14
065050,65,50,1,65.63/11.66
065051,65,51,4,66.15/12.63
065052,65,52,1,66.67/12.15
065053,65,53,0,67.19/13.18
065054,65,54,3,67.71/12.69
065055,65,55,4,68.23/13.77
065056,65,56,0,68.75/13.28
065057,65,57,0,69.27/14.43
065058,65,58,0,69.79/13.94
065059,65,59,0,70.31/15.17
065060,65,60,0,70.83/14.67
065061,65,61,0,71.35/15.98
065062,65,62,0,71.87/15.48
065063,65,63,0,72.39/16.89
065064,65,64,0,72.91/16.39
065065,65,65,0,73.43/17.92
065066,65,66,0,73.95/17.43
065067,65,67,0,74.47/19.09
065068,65,68,0,74.99/18.61
065069,65,69,0,75.51/20.43
065070,65,70,0,76.03/19.97
065071,65,71,0,76.55/21.99
065072,65,72,0,77.07/21.56
065073,65,73,0,77.59/23.8
065074,65,74,0,78.11/23.42
065075,65,75,0,78.62/25.95
065076,65,76,0,79.14/25.65
066020,66,20,1,50.05/8.42
066021,66,21,1,50.57/8.98
066022,66,22,1,51.09/8.6
066023,66,23,1,51.6/9.18
066024,66,24,1,52.12/8.8
066025,66,25,1,52.64/9.4
066026,66,26,1,53.16/9.02
066027,66,27,1,53.68/9.63
066028,66,28,1,54.2/9.24
066029,66,29,1,54.72/9.87
066030,66,30,1,55.24/9.48
066031,66,31,1,55.76/10.14
066032,66,32,1,56.28/9.74
066033,66,33,1,56.8/10.42
066034,66,34,0,57.32/10.02
066035,66,35,1,57.84/10.72
066036,66,36,2,58.36/10.31
066037,66,37,0,58.88/11.04
066038,66,38,0,59.4/10.63
066039,66,39,1,59.92/11.38
066040,66,40,1,60.44/10.96
066041,66,41,1,60.96/11.75
066042,66,42,1,61.48/11.33
066043,66,43,1,62/12.15
066044,66,44,1,62.52/11.72
066045,66,45,1,63.04/12.59
066046,66,46,1,63.56/12.15
066047,66,47,1,64.08/13.05
066048,66,48,1,64.6/12.62
066049,66,49,1,65.11/13.56
066050,66,50,1,65.63/13.12
066051,66,51,1,66.15/14.12
066052,66,52,1,66.67/13.67
066053,66,53,1,67.19/14.73
066054,66,54,1,67.71/14.28
066055,66,55,1,68.23/15.4
066056,66,56,1,68.75/14.94
066057,66,57,1,69.27/16.13
066058,66,58,1,69.79/15.68
066059,66,59,1,70.31/16.95
066060,66,60,0,70.83/16.5
066061,66,61,0,71.35/17.86
066062,66,62,0,71.87/17.42
066063,66,63,0,72.39/18.88
066064,66,64,0,72.91/18.44
066065,66,65,0,73.43/20.03
066066,66,66,0,73.95/19.61
066067,66,67,0,74.47/21.34
066068,66,68,0,74.99/20.94
066069,66,69,0,75.51/22.84
066070,66,70,0,76.03/22.47
066071,66,71,0,76.55/24.57
066072,66,72,0,77.07/24.25
066073,66,73,0,77.59/26.6
066074,66,74,0,78.11/26.35
066075,66,75,0,78.62/29
066076,66,76,0,79.14/28.85
067022,67,22,1,51.09/9.56
067023,67,23,1,51.6/10.15
067024,67,24,1,52.12/9.78
067025,67,25,1,52.64/10.39
067026,67,26,1,53.16/10.02
067027,67,27,1,53.68/10.64
067028,67,28,1,54.2/10.27
067029,67,29,1,54.72/10.91
067030,67,30,1,55.24/10.54
067031,67,31,0,55.76/11.2
067032,67,32,0,56.28/10.82
067033,67,33,0,56.8/11.51
067034,67,34,1,57.32/11.13
067035,67,35,0,57.84/11.84
067036,67,36,0,58.36/11.46
067037,67,37,1,58.88/12.2
067038,67,38,1,59.4/11.81
067039,67,39,1,59.92/12.58
067040,67,40,1,60.44/12.18
067041,67,41,1,60.96/12.99
067042,67,42,1,61.48/12.59
067043,67,43,1,62/13.43
067044,67,44,1,62.52/13.03
067045,67,45,1,63.04/13.91
067046,67,46,1,63.56/13.5
067047,67,47,1,64.08/14.43
067048,67,48,1,64.6/14.02
067049,67,49,1,65.11/14.99
067050,67,50,1,65.63/14.58
067051,67,51,1,66.15/15.61
067052,67,52,1,66.67/15.19
067053,67,53,1,67.19/16.28
067054,67,54,1,67.71/15.86
067055,67,55,1,68.23/17.02
067056,67,56,1,68.75/16.6
067057,67,57,1,69.27/17.83
067058,67,58,1,69.79/17.42
067059,67,59,1,70.31/18.73
067060,67,60,1,70.83/18.33
067061,67,61,1,71.35/19.74
067062,67,62,0,71.87/19.35
067063,67,63,0,72.39/20.87
067064,67,64,0,72.91/20.49
067065,67,65,0,73.43/22.14
067066,67,66,0,73.95/21.79
067067,67,67,0,74.47/23.59
067068,67,68,0,74.99/23.27
067069,67,69,0,75.51/25.24
067070,67,70,0,76.03/24.97
067071,67,71,0,76.55/27.16
067072,67,72,0,77.07/26.95
067073,67,73,0,77.59/29.4
067074,67,74,0,78.11/29.28
067075,67,75,0,78.62/32.06
067076,67,76,0,79.14/32.06
068024,68,24,1,52.12/10.76
068025,68,25,1,52.64/11.38
068026,68,26,1,53.16/11.02
068027,68,27,1,53.68/11.66
068028,68,28,1,54.2/11.3
068029,68,29,1,54.72/11.95
068030,68,30,1,55.24/11.59
068031,68,31,0,55.76/12.27
068032,68,32,0,56.28/11.91
068033,68,33,1,56.8/12.61
068034,68,34,1,57.32/12.24
068035,68,35,0,57.84/12.97
068036,68,36,1,58.36/12.6
068037,68,37,1,58.88/13.36
068038,68,38,1,59.4/12.99
068039,68,39,1,59.92/13.78
068040,68,40,1,60.44/13.4
068041,68,41,1,60.96/14.23
068042,68,42,1,61.48/13.85
068043,68,43,1,62/14.71
068044,68,44,1,62.52/14.33
068045,68,45,1,63.04/15.24
068046,68,46,1,63.56/14.85
068047,68,47,1,64.08/15.8
068048,68,48,1,64.6/15.42
068049,68,49,1,65.11/16.42
068050,68,50,1,65.63/16.04
068051,68,51,1,66.15/17.09
068052,68,52,1,66.67/16.71
068053,68,53,1,67.19/17.83
068054,68,54,1,67.71/17.45
068055,68,55,1,68.23/18.64
068056,68,56,1,68.75/18.27
068057,68,57,1,69.27/19.53
068058,68,58,1,69.79/19.17
068059,68,59,1,70.31/20.52
068060,68,60,1,70.83/20.17
068061,68,61,1,71.35/21.62
068062,68,62,0,71.87/21.29
068063,68,63,0,72.39/22.86
068064,68,64,0,72.91/22.54
068065,68,65,0,73.43/24.25
068066,68,66,0,73.95/23.97
068067,68,67,0,74.47/25.83
068068,68,68,0,74.99/25.59
068069,68,69,0,75.51/27.65
068070,68,70,0,76.03/27.46
068071,68,71,0,76.55/29.75
068072,68,72,0,77.07/29.64
068073,68,73,0,77.59/32.2
068074,68,74,0,78.11/32.2
068075,68,75,0,78.62/35.11
068076,68,76,0,79.14/35.27
069026,69,26,1,53.16/12.02
069027,69,27,1,53.68/12.67
069028,69,28,1,54.2/12.32
069029,69,29,1,54.72/12.99
069030,69,30,1,55.24/12.65
069031,69,31,0,55.76/13.34
069032,69,32,0,56.28/12.99
069033,69,33,1,56.8/13.71
069034,69,34,1,57.32/13.35
069035,69,35,1,57.84/14.1
069036,69,36,1,58.36/13.75
069037,69,37,1,58.88/14.52
069038,69,38,1,59.4/14.17
069039,69,39,1,59.92/14.98
069040,69,40,1,60.44/14.62
069041,69,41,1,60.96/15.46
069042,69,42,1,61.48/15.11
069043,69,43,1,62/15.99
069044,69,44,1,62.52/15.63
069045,69,45,1,63.04/16.56
069046,69,46,1,63.56/16.2
069047,69,47,1,64.08/17.18
069048,69,48,1,64.6/16.82
069049,69,49,1,65.11/17.85
069050,69,50,1,65.63/17.5
069051,69,51,1,66.15/18.58
069052,69,52,1,66.67/18.23
069053,69,53,1,67.19/19.38
069054,69,54,1,67.71/19.04
069055,69,55,1,68.23/20.26
069056,69,56,1,68.75/19.93
069057,69,57,1,69.27/21.23
069058,69,58,1,69.79/20.91
069059,69,59,1,70.31/22.3
069060,69,60,1,70.83/22
069061,69,61,1,71.35/23.5
069062,69,62,1,71.87/23.22
069063,69,63,1,72.39/24.84
069064,69,64,0,72.91/24.59
069065,69,65,0,73.43/26.36
069066,69,66,0,73.95/26.15
069067,69,67,0,74.47/28.08
069068,69,68,0,74.99/27.92
069069,69,69,0,75.51/30.05
069070,69,70,0,76.03/29.96
069071,69,71,0,76.55/32.33
069072,69,72,0,77.07/32.34
069073,69,73,0,77.59/35
069074,69,74,0,78.11/35.13
069075,69,75,0,78.62/38.16
069076,69,76,0,79.14/38.47
070028,70,28,1,54.2/13.35
070029,70,29,1,54.72/14.03
070030,70,30,1,55.24/13.7
070031,70,31,0,55.76/14.41
070032,70,32,0,56.28/14.07
070033,70,33,1,56.8/14.8
070034,70,34,0,57.32/14.47
070035,70,35,1,57.84/15.23
070036,70,36,1,58.36/14.89
070037,70,37,1,58.88/15.69
070038,70,38,1,59.4/15.35
070039,70,39,1,59.92/16.17
070040,70,40,1,60.44/15.84
070041,70,41,1,60.96/16.7
070042,70,42,1,61.48/16.37
070043,70,43,1,62/17.27
070044,70,44,0,62.52/16.94
070045,70,45,1,63.04/17.88
070046,70,46,0,63.56/17.55
070047,70,47,0,64.08/18.55
070048,70,48,0,64.6/18.22
070049,70,49,1,65.11/19.27
070050,70,50,1,65.63/18.95
070051,70,51,1,66.15/20.06
070052,70,52,1,66.67/19.75
070053,70,53,1,67.19/20.93
070054,70,54,1,67.71/20.62
070055,70,55,1,68.23/21.88
070056,70,56,1,68.75/21.59
070057,70,57,1,69.27/22.93
070058,70,58,1,69.79/22.65
070059,70,59,1,70.31/24.09
070060,70,60,1,70.83/23.83
070061,70,61,1,71.35/25.38
070062,70,62,1,71.87/25.16
070063,70,63,1,72.39/26.83
070064,70,64,0,72.91/26.64
070065,70,65,0,73.43/28.47
070066,70,66,0,73.95/28.33
070067,70,67,0,74.47/30.33
070068,70,68,0,74.99/30.25
070069,70,69,0,75.51/32.46
070070,70,70,0,76.03/32.46
070071,70,71,0,76.55/34.92
070072,70,72,0,77.07/35.03
070073,70,73,0,77.59/37.8
070074,70,74,0,78.11/38.06
070075,70,75,0,78.62/41.22
070076,70,76,0,79.14/41.68
071030,71,30,1,55.24/14.75
071031,71,31,0,55.76/15.47
071032,71,32,0,56.28/15.15
071033,71,33,0,56.8/15.9
071034,71,34,0,57.32/15.58
071035,71,35,1,57.84/16.36
071036,71,36,0,58.36/16.04
071037,71,37,1,58.88/16.85
071038,71,38,0,59.4/16.53
071039,71,39,1,59.92/17.37
071040,71,40,0,60.44/17.06
071041,71,41,1,60.96/17.94
071042,71,42,1,61.48/17.63
071043,71,43,0,62/18.55
071044,71,44,0,62.52/18.24
071045,71,45,0,63.04/19.21
071046,71,46,0,63.56/18.9
071047,71,47,0,64.08/19.92
071048,71,48,0,64.6/19.63
071049,71,49,1,65.11/20.7
071050,71,50,0,65.63/20.41
071051,71,51,1,66.15/21.55
071052,71,52,1,66.67/21.27
071053,71,53,1,67.19/22.48
071054,71,54,1,67.71/22.21
071055,71,55,1,68.23/23.5
071056,71,56,1,68.75/23.25
071057,71,57,1,69.27/24.62
071058,71,58,1,69.79/24.39
071059,71,59,1,70.31/25.87
071060,71,60,1,70.83/25.67
071061,71,61,1,71.35/27.26
071062,71,62,1,71.87/27.09
071063,71,63,1,72.39/28.82
071064,71,64,0,72.91/28.69
071065,71,65,0,73.43/30.58
071066,71,66,0,73.95/30.51
071067,71,67,0,74.47/32.57
071068,71,68,0,74.99/32.57
071069,71,69,0,75.51/34.86
071070,71,70,0,76.03/34.96
071071,71,71,0,76.55/37.51
071072,71,72,0,77.07/37.73
071073,71,73,0,77.59/40.6
071074,71,74,0,78.11/40.99
071076,71,76,0,79.14/44.89
072032,72,32,0,56.28/16.24
072033,72,33,0,56.8/17
072034,72,34,0,57.32/16.69
072035,72,35,0,57.84/17.49
072036,72,36,0,58.36/17.18
072037,72,37,0,58.88/18.01
072038,72,38,0,59.4/17.71
072039,72,39,0,59.92/18.57
072040,72,40,0,60.44/18.28
072041,72,41,1,60.96/19.18
072042,72,42,0,61.48/18.88
072043,72,43,0,62/19.83
072044,72,44,0,62.52/19.54
072045,72,45,0,63.04/20.53
072046,72,46,0,63.56/20.25
072047,72,47,0,64.08/21.3
072048,72,48,1,64.6/21.03
072049,72,49,0,65.11/22.13
072050,72,50,0,65.63/21.87
072051,72,51,0,66.15/23.04
072052,72,52,1,66.67/22.79
072053,72,53,1,67.19/24.03
072054,72,54,1,67.71/23.8
072055,72,55,1,68.23/25.12
072056,72,56,1,68.75/24.91
072057,72,57,1,69.27/26.32
072058,72,58,1,69.79/26.14
072059,72,59,1,70.31/27.66
072060,72,60,1,70.83/27.5
072061,72,61,1,71.35/29.14
072062,72,62,0,71.87/29.03
072063,72,63,1,72.39/30.81
072064,72,64,0,72.91/30.74
072065,72,65,0,73.43/32.69
072066,72,66,0,73.95/32.69
072067,72,67,0,74.47/34.82
072068,72,68,0,74.99/34.9
072069,72,69,0,75.51/37.26
072070,72,70,0,76.03/37.45
072071,72,71,0,76.55/40.09
072072,72,72,0,77.07/40.42
072074,72,74,0,78.11/43.92
073034,73,34,0,57.32/17.81
073035,73,35,0,57.84/18.61
073036,73,36,0,58.36/18.33
073037,73,37,0,58.88/19.17
073038,73,38,0,59.4/18.89
073039,73,39,0,59.92/19.77
073040,73,40,0,60.44/19.49
073041,73,41,0,60.96/20.41
073042,73,42,0,61.48/20.14
073043,73,43,0,62/21.11
073044,73,44,0,62.52/20.85
073045,73,45,0,63.04/21.86
073046,73,46,1,63.56/21.6
073047,73,47,1,64.08/22.67
073048,73,48,1,64.6/22.43
073049,73,49,0,65.11/23.56
073050,73,50,1,65.63/23.33
073051,73,51,0,66.15/24.52
073052,73,52,1,66.67/24.31
073053,73,53,1,67.19/25.58
073054,73,54,1,67.71/25.38
073055,73,55,1,68.23/26.74
073056,73,56,1,68.75/26.57
073057,73,57,1,69.27/28.02
073058,73,58,1,69.79/27.88
073059,73,59,1,70.31/29.44
073060,73,60,1,70.83/29.34
073061,73,61,1,71.35/31.02
073062,73,62,0,71.87/30.96
073063,73,63,0,72.39/32.79
073064,73,64,0,72.91/32.79
073065,73,65,0,73.43/34.79
073066,73,66,0,73.95/34.86
073067,73,67,0,74.47/37.07
073068,73,68,0,74.99/37.23
073069,73,69,0,75.51/39.67
073070,73,70,0,76.03/39.95
073071,73,71,0,76.55/42.68
073072,73,72,0,77.07/43.12
074036,74,36,0,58.36/19.48
074037,74,37,0,58.88/20.33
074038,74,38,0,59.4/20.07
074039,74,39,0,59.92/20.97
074040,74,40,0,60.44/20.71
074041,74,41,0,60.96/21.65
074042,74,42,0,61.48/21.4
074043,74,43,1,62/22.39
074044,74,44,1,62.52/22.15
074045,74,45,1,63.04/23.18
074046,74,46,1,63.56/22.96
074047,74,47,1,64.08/24.05
074048,74,48,1,64.6/23.83
074049,74,49,1,65.11/24.99
074050,74,50,1,65.63/24.79
074051,74,51,1,66.15/26.01
074052,74,52,1,66.67/25.83
074053,74,53,1,67.19/27.13
074054,74,54,1,67.71/26.97
074055,74,55,1,68.23/28.36
074056,74,56,1,68.75/28.23
074057,74,57,1,69.27/29.72
074058,74,58,1,69.79/29.62
074059,74,59,1,70.31/31.23
074060,74,60,0,70.83/31.17
074061,74,61,3,71.35/32.9
074062,74,62,0,71.87/32.9
074063,74,63,0,72.39/34.78
074064,74,64,0,72.91/34.84
074065,74,65,0,73.43/36.9
074066,74,66,0,73.95/37.04
074067,74,67,0,74.47/39.31
074068,74,68,0,74.99/39.56
074069,74,69,0,75.51/42.07
074070,74,70,0,76.03/42.45
074072,74,72,0,77.07/45.81
075038,75,38,0,59.4/21.25
075039,75,39,0,59.92/22.17
075040,75,40,0,60.44/21.93
075041,75,41,0,60.96/22.89
075042,75,42,0,61.48/22.66
075043,75,43,1,62/23.67
075044,75,44,1,62.52/23.45
075045,75,45,1,63.04/24.51
075046,75,46,1,63.56/24.31
075047,75,47,1,64.08/25.42
075048,75,48,1,64.6/25.23
075049,75,49,1,65.11/26.41
075050,75,50,1,65.63/26.24
075051,75,51,1,66.15/27.5
075052,75,52,1,66.67/27.35
075053,75,53,1,67.19/28.68
075054,75,54,1,67.71/28.56
075055,75,55,1,68.23/29.98
075056,75,56,1,68.75/29.89
075057,75,57,1,69.27/31.42
075058,75,58,1,69.79/31.36
075059,75,59,1,70.31/33.01
075060,75,60,0,70.83/33
075061,75,61,0,71.35/34.78
075062,75,62,0,71.87/34.83
075063,75,63,0,72.39/36.77
075064,75,64,0,72.91/36.89
075065,75,65,0,73.43/39.01
075066,75,66,0,73.95/39.22
075067,75,67,0,74.47/41.56
075068,75,68,0,74.99/41.88
075070,75,70,0,76.03/44.95
076040,76,40,1,60.44/23.15
076041,76,41,0,60.96/24.13
076042,76,42,0,61.48/23.92
076043,76,43,1,62/24.95
076044,76,44,1,62.52/24.75
076045,76,45,1,63.04/25.83
076046,76,46,1,63.56/25.66
076047,76,47,1,64.08/26.8
076048,76,48,1,64.6/26.64
076049,76,49,1,65.11/27.84
076050,76,50,1,65.63/27.7
076051,76,51,1,66.15/28.98
076052,76,52,1,66.67/28.87
076053,76,53,1,67.19/30.23
076054,76,54,1,67.71/30.14
076055,76,55,1,68.23/31.6
076056,76,56,1,68.75/31.55
076057,76,57,1,69.27/33.12
076058,76,58,1,69.79/33.11
076059,76,59,1,70.31/34.79
076060,76,60,0,70.83/34.84
076061,76,61,0,71.35/36.66
076062,76,62,0,71.87/36.77
076063,76,63,0,72.39/38.76
076064,76,64,0,72.91/38.94
076065,76,65,0,73.43/41.12
076066,76,66,0,73.95/41.4
076068,76,68,0,74.99/44.21
077042,77,42,1,61.48/25.18
077043,77,43,1,62/26.23
077044,77,44,1,62.52/26.06
077045,77,45,1,63.04/27.16
077046,77,46,1,63.56/27.01
077047,77,47,1,64.08/28.17
077048,77,48,1,64.6/28.04
077049,77,49,1,65.11/29.27
077050,77,50,1,65.63/29.16
077051,77,51,1,66.15/30.47
077052,77,52,1,66.67/30.39
077053,77,53,1,67.19/31.78
077054,77,54,1,67.71/31.73
077055,77,55,1,68.23/33.22
077056,77,56,1,68.75/33.21
077057,77,57,1,69.27/34.81
077058,77,58,1,69.79/34.85
077059,77,59,1,70.31/36.58
077060,77,60,0,70.83/36.67
077061,77,61,0,71.35/38.54
077062,77,62,0,71.87/38.7
077063,77,63,0,72.39/40.75
077064,77,64,0,72.91/40.99
077065,77,65,0,73.43/43.23
077066,77,66,0,73.95/43.58
078044,78,44,1,62.52/27.36
078045,78,45,1,63.04/28.48
078046,78,46,1,63.56/28.36
078047,78,47,1,64.08/29.54
078048,78,48,1,64.6/29.44
078049,78,49,1,65.11/30.7
078050,78,50,1,65.63/30.62
078051,78,51,1,66.15/31.96
078052,78,52,1,66.67/31.91
078053,78,53,1,67.19/33.33
078054,78,54,1,67.71/33.32
078055,78,55,1,68.23/34.84
078056,78,56,1,68.75/34.87
078057,78,57,1,69.27/36.51
078058,78,58,0,69.79/36.59
078059,78,59,0,70.31/38.36
078060,78,60,0,70.83/38.5
078061,78,61,0,71.35/40.42
078062,78,62,0,71.87/40.64
078063,78,63,0,72.39/42.73
078064,78,64,0,72.91/43.04
078066,78,66,0,73.95/45.76
079046,79,46,1,63.56/29.71
079047,79,47,1,64.08/30.92
079048,79,48,1,64.6/30.84
079049,79,49,1,65.11/32.13
079050,79,50,1,65.63/32.08
079051,79,51,1,66.15/33.44
079052,79,52,1,66.67/33.42
079053,79,53,1,67.19/34.88
079054,79,54,1,67.71/34.9
079055,79,55,1,68.23/36.46
079056,79,56,1,68.75/36.53
079057,79,57,1,69.27/38.21
079058,79,58,0,69.79/38.34
079059,79,59,0,70.31/40.15
079060,79,60,0,70.83/40.34
079061,79,61,0,71.35/42.3
079062,79,62,0,71.87/42.58
079064,79,64,0,72.91/45.09
080048,80,48,1,64.6/32.24
080049,80,49,1,65.11/33.55
080050,80,50,1,65.63/33.53
080051,80,51,1,66.15/34.93
080052,80,52,0,66.67/34.94
080053,80,53,0,67.19/36.43
080054,80,54,1,67.71/36.49
080055,80,55,1,68.23/38.09
080056,80,56,1,68.75/38.19
080057,80,57,1,69.27/39.91
080058,80,58,0,69.79/40.08
080059,80,59,0,70.31/41.93
080060,80,60,0,70.83/42.17
080062,80,62,0,71.87/44.51
081050,81,50,1,65.63/34.99
081051,81,51,0,66.15/36.41
081052,81,52,0,66.67/36.46
081053,81,53,0,67.19/37.98
081054,81,54,1,67.71/38.08
081055,81,55,1,68.23/39.71
081056,81,56,1,68.75/39.85
081057,81,57,1,69.27/41.61
081058,81,58,0,69.79/41.82
081059,81,59,0,70.31/43.72
081060,81,60,0,70.83/44
082052,82,52,0,66.67/37.98
082053,82,53,0,67.19/39.53
082054,82,54,1,67.71/39.66
082055,82,55,1,68.23/41.33
082056,82,56,0,68.75/41.52
082057,82,57,0,69.27/43.31
082058,82,58,0,69.79/43.56
082060,82,60,0,70.83/45.84
083054,83,54,0,67.71/41.25
083055,83,55,0,68.23/42.95
083056,83,56,1,68.75/43.18
083058,83,58,0,69.79/45.31
084056,84,56,1,68.75/44.84
